Date,^SP500TR_pct_from_sma200,SPY_pct_from_sma200,^SPX_pct_from_sma200
2020-02-19 00:00:00+00:00,12.347317500343124,12.281549530609537,11.493854199793606
2020-02-20 00:00:00+00:00,11.833460273995499,11.730711601860055,10.98791072129972
2020-02-21 00:00:00+00:00,10.56943965291708,10.48912938088118,9.738620133236765
2020-02-24 00:00:00+00:00,6.808169877830728,6.7557188553772685,6.0005070858561105
2020-02-25 00:00:00+00:00,3.5241406790173624,3.469314351790076,2.7473452313788504
2020-02-26 00:00:00+00:00,3.0861413210615307,3.041776448635858,2.3196233175894365
2020-02-27 00:00:00+00:00,-1.4804114263237356,-1.619593835702715,-2.225930447461688
2020-02-28 00:00:00+00:00,-2.302521415095349,-2.0603229897790287,-3.0504897751231663
2020-03-02 00:00:00+00:00,2.149680046606761,2.1336853250351284,1.373190825177062
2020-03-03 00:00:00+00:00,-0.746506533489355,-0.8179374277033857,-1.4967234030878296
2020-03-04 00:00:00+00:00,3.3940066373798983,3.297923508734546,2.6148362721546414
2020-03-05 00:00:00+00:00,-0.1293672215245456,-0.1730391392690822,-0.8959151745081662
2020-03-06 00:00:00+00:00,-1.854045721102704,-1.8476328004932263,-2.60325996462184
2020-03-09 00:00:00+00:00,-9.29036009486225,-9.501844147657257,-9.986281295442968
2020-03-10 00:00:00+00:00,-4.823360291964263,-4.835194072367144,-5.549220906504271
2020-03-11 00:00:00+00:00,-9.461602845952843,-9.467780280735482,-10.152417394252977
2020-03-12 00:00:00+00:00,-18.01735621149958,-18.091767187706775,-18.6551718913852
2020-03-13 00:00:00+00:00,-10.371864911722305,-11.082436817907137,-11.090080163836847
2020-03-16 00:00:00+00:00,-21.062386566858006,-20.76608508481882,-21.69338101609991
2020-03-17 00:00:00+00:00,-16.302256961057804,-16.46247882660895,-16.96815460569011
2020-03-18 00:00:00+00:00,-20.600102599732484,-20.65204483474744,-21.22697418386178
2020-03-19 00:00:00+00:00,-20.174375803435606,-20.436058730947092,-20.804893742620344
2020-03-20 00:00:00+00:00,-23.561889723859718,-23.80332017917204,-24.173800322464658
2020-03-23 00:00:00+00:00,-25.731722428649896,-25.682054533146527,-26.321589766140296
2020-03-24 00:00:00+00:00,-18.703777624787588,-18.89623140426795,-19.351941823239493
2020-03-25 00:00:00+00:00,-17.715658383289345,-17.632093319304907,-18.366360871130226
2020-03-26 00:00:00+00:00,-12.54536542019128,-12.790768731790713,-13.234692852867958
2020-03-27 00:00:00+00:00,-15.449983653002198,-15.34708578403804,-16.110764660686982
2020-03-30 00:00:00+00:00,-12.570048066245732,-12.56561331078274,-13.261197772409583
2020-03-31 00:00:00+00:00,-13.924066496866383,-13.831841266404233,-14.60748689214304
2020-04-01 00:00:00+00:00,-17.67166582002757,-17.658306528430202,-18.320360910591827
2020-04-02 00:00:00+00:00,-15.729731881695885,-15.7092911222793,-16.40165400239554
2020-04-03 00:00:00+00:00,-16.93980343924042,-16.87339245462075,-17.607422978466424
2020-04-06 00:00:00+00:00,-11.060620288921886,-11.252810869150743,-11.770216088662789
2020-04-07 00:00:00+00:00,-11.165807084508517,-11.12602689533041,-11.869171700308979
2020-04-08 00:00:00+00:00,-8.095807471068428,-8.119396871011265,-8.838237333195442
2020-04-09 00:00:00+00:00,-6.739791629796543,-6.708498389295103,-7.497981764926697
2020-04-13 00:00:00+00:00,-7.663775500121606,-7.544165974400274,-8.409580334370359
2020-04-14 00:00:00+00:00,-4.824122556804777,-4.812165649030586,-5.597078923831155
2020-04-15 00:00:00+00:00,-6.89749488487601,-6.817903420889026,-7.652556653152864
2020-04-16 00:00:00+00:00,-6.336881363827929,-6.349420916730175,-7.090002662711492
2020-04-17 00:00:00+00:00,-3.8150856099235964,-3.8109308177088352,-4.585022343615474
2020-04-20 00:00:00+00:00,-5.5179717480258965,-5.4855236395003555,-6.264281746228672
2020-04-21 00:00:00+00:00,-8.381761990678637,-8.323195703773722,-9.101299097849925
2020-04-22 00:00:00+00:00,-6.2578437372248885,-6.2676847560728,-6.989683198205176
2020-04-23 00:00:00+00:00,-6.27925960111625,-6.2530482763496265,-7.011765568404449
2020-04-24 00:00:00+00:00,-4.954976030383174,-4.928647724786083,-5.693049908699921
2020-04-27 00:00:00+00:00,-3.542599667681068,-3.5454140647956045,-4.28609140233508
2020-04-28 00:00:00+00:00,-4.0307999968897334,-3.972305058441228,-4.76404939191063
2020-04-29 00:00:00+00:00,-1.471516963738817,-1.4535092311402042,-2.220143453316148
2020-04-30 00:00:00+00:00,-2.3682069761534197,-2.3633031145654293,-3.106171813723968
2020-05-01 00:00:00+00:00,-5.07977085524881,-4.931465143205161,-5.800833316738208
2020-05-04 00:00:00+00:00,-4.658768201423513,-4.652059975777867,-5.3765136408554515
2020-05-05 00:00:00+00:00,-3.7867218875454633,-3.7606879191655507,-4.503872729885416
2020-05-06 00:00:00+00:00,-4.436091213324378,-4.398418893861589,-5.148810114246927
2020-05-07 00:00:00+00:00,-3.290083087175666,-3.232167044323764,-4.037725331116471
2020-05-08 00:00:00+00:00,-1.6327883062933535,-1.623764233303704,-2.4041055239355402
2020-05-11 00:00:00+00:00,-1.6102139988472208,-1.598724015355668,-2.3791701893219885
2020-05-12 00:00:00+00:00,-3.597828189493868,-3.5426579652161783,-4.355615365217602
2020-05-13 00:00:00+00:00,-5.250111063487539,-5.224221155227216,-5.994348376858327
2020-05-14 00:00:00+00:00,-4.1198493642941365,-4.072013626108372,-4.885476719623383
2020-05-15 00:00:00+00:00,-3.7220523280525497,-3.620313688144483,-4.493443627652061
2020-05-18 00:00:00+00:00,-0.6858652632248052,-0.6923630082468657,-1.484930766380177
2020-05-19 00:00:00+00:00,-1.7243142278588697,-1.7186942826066365,-2.5163211615073844
2020-05-20 00:00:00+00:00,-0.09862337279659128,-0.0784245663420835,-0.914073646877589
2020-05-21 00:00:00+00:00,-0.8875455294876988,-0.7874250492225343,-1.695265970507498
2020-05-22 00:00:00+00:00,-0.6570023233838373,-0.6188373631880628,-1.4756234106689803
2020-05-26 00:00:00+00:00,0.5484251363403025,0.5887375570905018,-0.2737622267860562
2020-05-27 00:00:00+00:00,2.0130764468140994,2.0573448349709755,1.1850961890325085
2020-05-28 00:00:00+00:00,1.7770043415061831,1.836009804929617,0.9470742685766753
2020-05-29 00:00:00+00:00,2.2543336778306333,2.2619211647996185,1.4129313131678867
2020-06-01 00:00:00+00:00,2.598145413312025,2.630389239312847,1.756893153364647
2020-06-02 00:00:00+00:00,3.3954471311498757,3.4319532126919183,2.552579242363273
2020-06-03 00:00:00+00:00,4.768084828999974,4.759706236299377,3.911814565747185
2020-06-04 00:00:00+00:00,4.396891650863788,4.443312626010498,3.5292641250603607
2020-06-05 00:00:00+00:00,7.073800598242119,7.059705193997501,6.19111405631485
2020-06-08 00:00:00+00:00,8.300686079190278,8.289877955620062,7.414831829500934
2020-06-09 00:00:00+00:00,7.404216752924286,7.4231959154952065,6.526776959585834
2020-06-10 00:00:00+00:00,6.764668717677735,6.754976688215963,5.9004602391915295
2020-06-11 00:00:00+00:00,0.4553824315379762,0.5720338170326578,-0.36220358015627285
2020-06-12 00:00:00+00:00,1.7606281483801611,1.7394990514493225,0.9103223025595186
2020-06-15 00:00:00+00:00,2.5714222486114435,2.6505704692722176,1.7189633797590975
2020-06-16 00:00:00+00:00,4.475096916600907,4.582921298709608,3.6134027642399813
2020-06-17 00:00:00+00:00,4.05835378703201,4.107342975789963,3.208359917496728
2020-06-18 00:00:00+00:00,4.079662652893012,4.10310325124188,3.2339156812379644
2020-06-19 00:00:00+00:00,3.4752571119283093,3.4728426004865476,2.623497704803368
2020-06-22 00:00:00+00:00,4.114615910815034,4.104154640443736,3.2657816641769477
2020-06-23 00:00:00+00:00,4.528743749225828,4.548675348343245,3.684391935005382
2020-06-24 00:00:00+00:00,1.8067502224460297,1.861738623071063,0.9915948948978626
2020-06-25 00:00:00+00:00,2.9018458707523953,2.927818873745469,2.0807697997016206
2020-06-26 00:00:00+00:00,0.400991459122535,0.4735547484822078,-0.39367001510253186
2020-06-29 00:00:00+00:00,1.8725905753813388,1.9348262938252203,1.0618119070676446
2020-06-30 00:00:00+00:00,3.426721000942745,3.2178160684296353,2.603386692881471
2020-07-01 00:00:00+00:00,3.920900760837198,3.912610672116479,3.0985606270766963
2020-07-02 00:00:00+00:00,4.3860622415671235,4.45478810008062,3.545461839195041
2020-07-06 00:00:00+00:00,6.005462150466423,6.028523885780834,5.159852194815495
2020-07-07 00:00:00+00:00,4.826903770399027,4.902366082536491,3.9983536894863114
2020-07-08 00:00:00+00:00,5.609633782983825,5.6651847898884,4.781584906680902
2020-07-09 00:00:00+00:00,5.007164897400074,5.0273822077896435,4.162647858303048
2020-07-10 00:00:00+00:00,6.059846004658032,6.053397061823262,5.214860073054495
2020-07-13 00:00:00+00:00,5.029069925976448,5.097001900940401,4.200462993061627
2020-07-14 00:00:00+00:00,6.403739622226445,6.412112134874559,5.559083755845928
2020-07-15 00:00:00+00:00,7.316793525116094,7.334415245978798,6.4712445218369385
2020-07-16 00:00:00+00:00,6.904041460609878,6.930119709034099,6.066797035873783
2020-07-17 00:00:00+00:00,7.155128501726482,7.1813808148803115,6.319057007225259
2020-07-20 00:00:00+00:00,7.982681988591289,7.974572460279772,7.148539450748004
2020-07-21 00:00:00+00:00,8.095338891465964,8.134158989059891,7.267181134883294
2020-07-22 00:00:00+00:00,8.652718532085647,8.682862682042835,7.826128776502883
2020-07-23 00:00:00+00:00,7.261483244111577,7.324935768855467,6.4457213790206636
2020-07-24 00:00:00+00:00,6.534850063346687,6.568746528516445,5.730680135095567
2020-07-27 00:00:00+00:00,7.258444713159462,7.281169027041101,6.45656635964269
2020-07-28 00:00:00+00:00,6.508228594824694,6.543573913059708,5.718738182996996
2020-07-29 00:00:00+00:00,7.772852647791217,7.794402750968454,6.98201773892666
2020-07-30 00:00:00+00:00,7.328255831001429,7.3520079025370055,6.531828403933981
2020-07-31 00:00:00+00:00,8.105748053580552,8.142734505572191,7.300485938131951
2020-08-03 00:00:00+00:00,8.82240208713041,8.83170208590116,8.01699338530375
2020-08-04 00:00:00+00:00,9.151516670699046,9.188289980872245,8.352336242933301
2020-08-05 00:00:00+00:00,9.783442255975071,9.796334261409555,8.98801853510971
2020-08-06 00:00:00+00:00,10.430682554667525,10.459302607140142,9.627085450971196
2020-08-07 00:00:00+00:00,10.450672086448144,10.465528819755754,9.632733358642431
2020-08-10 00:00:00+00:00,10.681573086524242,10.722225668348862,9.869401884364827
2020-08-11 00:00:00+00:00,9.733283670032877,9.741354249715029,8.93624651520415
2020-08-12 00:00:00+00:00,11.211564318470568,11.19737787487265,10.396440501323534
2020-08-13 00:00:00+00:00,10.941835256838939,10.926731154123082,10.110384465714262
2020-08-14 00:00:00+00:00,10.860978733185034,10.860312300929188,10.03112886657005
2020-08-17 00:00:00+00:00,11.09429632509855,11.142325754137406,10.269002207400169
2020-08-18 00:00:00+00:00,11.294425844282507,11.309466760388354,10.459568466533952
2020-08-19 00:00:00+00:00,10.757886673604421,10.781000090645065,9.917911972757665
2020-08-20 00:00:00+00:00,11.046491255392743,11.061117920718132,10.209960283628261
2020-08-21 00:00:00+00:00,11.367536069285089,11.387277705457755,10.531176922372554
2020-08-24 00:00:00+00:00,12.424816355018864,12.441408437629754,11.576973731254059
2020-08-25 00:00:00+00:00,12.75539664361136,12.75986802486042,11.913022966692942
2020-08-26 00:00:00+00:00,13.82509744846887,13.80967250569931,12.983244775557479
2020-08-27 00:00:00+00:00,13.939802285052183,13.975256517095659,13.099257084047512
2020-08-28 00:00:00+00:00,14.631520150961075,14.624774188943412,13.78385690189452
2020-08-31 00:00:00+00:00,14.308231921883596,14.125808746023072,13.45934977799368
2020-09-01 00:00:00+00:00,15.080910418500482,15.111048845748233,14.233518357594367
2020-09-02 00:00:00+00:00,16.764735708285826,16.67961046778419,15.902401143519217
2020-09-03 00:00:00+00:00,12.614908930480384,12.594260517311607,11.770990815070892
2020-09-04 00:00:00+00:00,11.6344200453113,11.610697226103795,10.806970130062066
2020-09-08 00:00:00+00:00,8.492866073914174,8.513216477300434,7.692482166032311
2020-09-09 00:00:00+00:00,10.622747378064524,10.594527169105007,9.809519230210695
2020-09-10 00:00:00+00:00,8.633869925083326,8.625375993917906,7.83866769767636
2020-09-11 00:00:00+00:00,8.651979887834816,8.635808566127245,7.860043591531429
2020-09-14 00:00:00+00:00,10.018666692952106,10.014588719936635,9.191543788260104
2020-09-15 00:00:00+00:00,10.541354015962835,10.517577628015973,9.71762465133752
2020-09-16 00:00:00+00:00,9.982769801611123,10.026689016094249,9.167791605569576
2020-09-17 00:00:00+00:00,9.00772410021684,9.007845072601217,8.207013767034166
2020-09-18 00:00:00+00:00,7.742600191230831,7.705543115207236,6.957975640275693
2020-09-21 00:00:00+00:00,6.4642799804134565,6.469675462399538,5.691696847439842
2020-09-22 00:00:00+00:00,7.541825214398701,7.511659634553802,6.769282918259378
2020-09-23 00:00:00+00:00,4.975198647302692,4.994902965375303,4.221287893871062
2020-09-24 00:00:00+00:00,5.267212079214056,5.248087217716768,4.514030614028797
2020-09-25 00:00:00+00:00,6.91566297783861,6.912811242114736,6.15546866565384
2020-09-28 00:00:00+00:00,8.593172721501062,8.643138163174925,7.829262872170317
2020-09-29 00:00:00+00:00,8.0468419029738,8.014116626887912,7.2815139546870356
2020-09-30 00:00:00+00:00,8.8998751274596,8.791369786922187,8.133214173167591
2020-10-01 00:00:00+00:00,9.44619230191821,9.447844420581774,8.672471640022849
2020-10-02 00:00:00+00:00,8.362753211264318,8.372935217253087,7.604682817315345
2020-10-05 00:00:00+00:00,10.274852017025736,10.247772937251076,9.500369405611252
2020-10-06 00:00:00+00:00,8.702567545333828,8.645027554382345,7.943285989379656
2020-10-07 00:00:00+00:00,10.551901133005682,10.49215047706793,9.786202979570602
2020-10-08 00:00:00+00:00,11.422270724129202,11.422422637428365,10.626033275947444
2020-10-09 00:00:00+00:00,12.349552708029865,12.362519638499524,11.553400025542038
2020-10-12 00:00:00+00:00,14.130534544292628,14.107234187134443,13.331135930076442
2020-10-13 00:00:00+00:00,13.352255695356142,13.304141036171234,12.567290341008096
2020-10-14 00:00:00+00:00,12.555457900628575,12.535044614525837,11.77384455342667
2020-10-15 00:00:00+00:00,12.332281542675005,12.341113515549607,11.557946256709673
2020-10-16 00:00:00+00:00,12.29980787505498,12.224214249394926,11.532641605174575
2020-10-19 00:00:00+00:00,10.423557502656378,10.474903445627692,9.677608435136186
2020-10-20 00:00:00+00:00,10.903925566200945,10.873885640517166,10.161391329666136
2020-10-21 00:00:00+00:00,10.619154259316543,10.620166419396515,9.884637526552776
2020-10-22 00:00:00+00:00,11.161569745310773,11.182510671542767,10.42272141777081
2020-10-23 00:00:00+00:00,11.504129077691738,11.517261753472985,10.769442778939741
2020-10-26 00:00:00+00:00,9.400038793965116,9.424184645398604,8.686734453948585
2020-10-27 00:00:00+00:00,9.044664633926525,9.02076839829098,8.340136927279929
2020-10-28 00:00:00+00:00,5.1907887329833535,5.288015322637607,4.519067103923935
2020-10-29 00:00:00+00:00,6.444775901117672,6.347068667728251,5.764272932320735
2020-10-30 00:00:00+00:00,5.164994074822515,5.237925840383584,4.489220634313051
2020-11-02 00:00:00+00:00,6.456977812986064,6.41238442282539,5.779615373323943
2020-11-03 00:00:00+00:00,8.335999720436327,8.27474346802557,7.654097535316207
2020-11-04 00:00:00+00:00,10.694523536936495,10.664531145227695,10.006165520367215
2020-11-05 00:00:00+00:00,12.827544696665317,12.780657090214099,12.113792696938086
2020-11-06 00:00:00+00:00,12.762005551205192,12.707608950605342,12.043252958638062
2020-11-09 00:00:00+00:00,14.02677393588132,14.058445801697061,13.298646066638975
2020-11-10 00:00:00+00:00,13.82812853785107,13.833001591954751,13.091460293566403
2020-11-11 00:00:00+00:00,14.63503506075079,14.614749327582333,13.902457159553826
2020-11-12 00:00:00+00:00,13.459677820113058,13.447879302692932,12.720354395436528
2020-11-13 00:00:00+00:00,14.939567152453105,14.942980054851795,14.189080276849776
2020-11-16 00:00:00+00:00,16.200501685406564,16.297427747766037,15.449664466801337
2020-11-17 00:00:00+00:00,15.59355563715381,15.60479191132471,14.839423414031906
2020-11-18 00:00:00+00:00,14.226109978663892,14.162046627440494,13.469364181760323
2020-11-19 00:00:00+00:00,14.631900862470193,14.590297870557078,13.87441281383557
2020-11-20 00:00:00+00:00,13.803611913661772,13.754917869261462,13.059608886963026
2020-11-23 00:00:00+00:00,14.40756626654407,14.386449603077711,13.656079453367331
2020-11-24 00:00:00+00:00,16.1972659081302,16.16884084576411,15.442035895513385
2020-11-25 00:00:00+00:00,15.961757981186086,15.934104001539474,15.213358509811513
2020-11-27 00:00:00+00:00,16.193226633205416,16.198686144102936,15.441077795741954
2020-11-30 00:00:00+00:00,15.623746835264685,15.630238589861879,14.866559672443124
2020-12-01 00:00:00+00:00,16.866925625256425,16.831419647170765,16.107447374082074
2020-12-02 00:00:00+00:00,17.025388055439915,17.015149109317406,16.263286979433556
2020-12-03 00:00:00+00:00,16.910196368609487,16.91887543857007,16.13671633406961
2020-12-04 00:00:00+00:00,17.873340634686485,17.849251920844523,17.095919815067706
2020-12-07 00:00:00+00:00,17.549295281231302,17.511151611200248,16.783116658992213
2020-12-08 00:00:00+00:00,17.763795218690206,17.738930389165652,17.002382705441498
2020-12-09 00:00:00+00:00,16.721739533118594,16.572145632328716,15.970340896815149
2020-12-10 00:00:00+00:00,16.44477956014223,16.398227375771192,15.69539454283866
2020-12-11 00:00:00+00:00,16.161553126348704,16.124942142623677,15.419942344256189
2020-12-14 00:00:00+00:00,15.56606821235411,15.495283779962987,14.81600639639642
2020-12-15 00:00:00+00:00,16.92485668359762,16.920429297048955,16.173180688720045
2020-12-16 00:00:00+00:00,17.018368206403743,16.989704590997114,16.274740364704954
2020-12-17 00:00:00+00:00,17.559885584940726,17.50634492328629,16.816033171973643
2020-12-18 00:00:00+00:00,17.011660793125106,16.89419621525239,16.27141486853436
2020-12-21 00:00:00+00:00,16.37707457955195,16.2946155617028,15.645340698346267
2020-12-22 00:00:00+00:00,15.990122659336127,15.944464274137404,15.260390927280799
2020-12-23 00:00:00+00:00,15.89849688054703,15.86893461469796,15.175586531342988
2020-12-24 00:00:00+00:00,16.091479947130804,16.09020260310121,15.362830822604101
2020-12-28 00:00:00+00:00,16.909531217191276,16.889315086876277,16.183705750035227
2020-12-29 00:00:00+00:00,16.399174972975207,16.417678936991287,15.683677538480678
2020-12-30 00:00:00+00:00,16.34322313320864,16.358011488770117,15.62303167396708
2020-12-31 00:00:00+00:00,16.848212000531436,16.69679029533455,16.123236448451706
2021-01-04 00:00:00+00:00,14.893576375445328,14.870237651080021,14.181946437543203
2021-01-05 00:00:00+00:00,15.460614678561612,15.400066167647841,14.738951844766678
2021-01-06 00:00:00+00:00,15.845102606885341,15.81392950570435,15.12635997895979
2021-01-07 00:00:00+00:00,17.33814897623318,17.281920012459118,16.592798620139316
2021-01-08 00:00:00+00:00,17.74627312344674,17.699689113340746,16.991214095840903
2021-01-11 00:00:00+00:00,16.757519737644234,16.688765001357986,16.01684375765524
2021-01-12 00:00:00+00:00,16.57417544934592,16.48274209829903,15.842293511276662
2021-01-13 00:00:00+00:00,16.623630496239162,16.57876740043367,15.896958202827548
2021-01-14 00:00:00+00:00,15.978024672171998,15.949936768821505,15.249668490624613
2021-01-15 00:00:00+00:00,14.911848482445134,14.870955556444688,14.196022425076515
2021-01-19 00:00:00+00:00,15.620892494892114,15.543301278752608,14.903699239304814
2021-01-20 00:00:00+00:00,16.983566255988936,16.894699624551414,16.26526154789407
2021-01-21 00:00:00+00:00,16.813004536048037,16.783112159081504,16.0936922599336
2021-01-22 00:00:00+00:00,16.247728739731883,16.15603143297537,15.53843023981003
2021-01-25 00:00:00+00:00,16.466820809778902,16.413167890069126,15.763763926927377
2021-01-26 00:00:00+00:00,16.10177946991136,16.039789306701824,15.407783847509515
2021-01-27 00:00:00+00:00,12.946029016450833,13.029036865033294,12.277884931428451
2021-01-28 00:00:00+00:00,13.892060814603724,13.833768722575579,13.214279469434299
2021-01-29 00:00:00+00:00,11.54515599341963,11.393988936855525,10.873684317147347
2021-02-01 00:00:00+00:00,13.163872855850013,13.076942764738275,12.489819646073608
2021-02-02 00:00:00+00:00,14.567985781565419,14.506353680193417,13.891676314411328
2021-02-03 00:00:00+00:00,14.50448737774277,14.418203283583054,13.835960404619474
2021-02-04 00:00:00+00:00,15.556446827202342,15.516895986005675,14.877668588494132
2021-02-05 00:00:00+00:00,15.824477637737733,15.777399372680211,15.139639743846601
2021-02-08 00:00:00+00:00,16.483501496486987,16.41377877016388,15.799877945866392
2021-02-09 00:00:00+00:00,16.181444010536914,16.144381006383448,15.487439516776469
2021-02-10 00:00:00+00:00,15.959926073404084,15.909866736512623,15.2720485703856
2021-02-11 00:00:00+00:00,15.988214710631565,15.91013925111362,15.284735264848237
2021-02-12 00:00:00+00:00,16.362213502845545,16.304802099316596,15.658412864819105
2021-02-16 00:00:00+00:00,16.128254983366098,16.02284300972874,15.419522804826435
2021-02-17 00:00:00+00:00,15.914887054684712,15.855612247744855,15.196484619203886
2021-02-18 00:00:00+00:00,15.218579609398253,15.174292580458637,14.508079122739105
2021-02-19 00:00:00+00:00,14.829282884202023,14.789119632177261,14.122350096300295
2021-02-22 00:00:00+00:00,13.77230060566712,13.728216250970071,13.070073392408354
2021-02-23 00:00:00+00:00,13.74411328108387,13.693534467659862,13.04722712432218
2021-02-24 00:00:00+00:00,14.862484219676354,14.77294683616317,14.164965995474187
2021-02-25 00:00:00+00:00,11.91301216245817,11.854201388981478,11.224915131462666
2021-02-26 00:00:00+00:00,11.235067901248485,11.119732605954336,10.545497971769823
2021-03-01 00:00:00+00:00,13.698363830106253,13.628147856900696,12.998170897100891
2021-03-02 00:00:00+00:00,12.60723362306595,12.568884752137288,11.92010393329641
2021-03-03 00:00:00+00:00,10.981077183420496,10.918369119986181,10.305256321879863
2021-03-04 00:00:00+00:00,9.375792814044125,9.409927005482599,8.697424071647797
2021-03-05 00:00:00+00:00,11.358118318174682,11.2686474006932,10.669906152003472
2021-03-08 00:00:00+00:00,10.620059827779915,10.572735845563642,9.942245620467617
2021-03-09 00:00:00+00:00,12.03955314752314,11.995731187600512,11.349963292318964
2021-03-10 00:00:00+00:00,12.56147126152305,12.533549118655053,11.869827867970484
2021-03-11 00:00:00+00:00,13.577589591672655,13.513580553022031,12.87931578038708
2021-03-12 00:00:00+00:00,13.566045685767048,13.51199388759765,12.84725700671141
2021-03-15 00:00:00+00:00,14.147409268736254,14.029214989015127,13.427420036174498
2021-03-16 00:00:00+00:00,13.814510531777868,13.729322188185478,13.100948305322046
2021-03-17 00:00:00+00:00,13.986357184471254,13.960714957359821,13.27814647033354
2021-03-18 00:00:00+00:00,12.168786580169222,12.162264261319722,11.47349920330074
2021-03-19 00:00:00+00:00,11.979667224832479,11.822563341128657,11.281133985255298
2021-03-22 00:00:00+00:00,12.626743891015192,12.576234677615616,11.931078255125227
2021-03-23 00:00:00+00:00,11.646833157308233,11.569890516730164,10.964017719327334
2021-03-24 00:00:00+00:00,10.932628499083318,10.892451173594342,10.254606080083327
2021-03-25 00:00:00+00:00,11.399378024248596,11.39839844070918,10.722140718355245
2021-03-26 00:00:00+00:00,13.119987189917204,13.061047355934384,12.438691112564836
2021-03-29 00:00:00+00:00,12.860236124556025,12.842974734218537,12.187326307188373
2021-03-30 00:00:00+00:00,12.36307356127595,12.39088684324734,11.688348682932492
2021-03-31 00:00:00+00:00,12.627940815010398,12.69543240770188,11.949807542307212
2021-04-01 00:00:00+00:00,13.809185480427132,13.762681336712369,13.130959440174749
2021-04-05 00:00:00+00:00,15.304010589138016,15.232535092339239,14.608836424553594
2021-04-06 00:00:00+00:00,15.03452650398598,15.002635267467191,14.343233682835699
2021-04-07 00:00:00+00:00,15.040786671230478,14.970524730773004,14.354292456262918
2021-04-08 00:00:00+00:00,15.387096067006144,15.350819043633756,14.679551170732253
2021-04-09 00:00:00+00:00,16.109656700073426,16.020680718697733,15.403764729926927
2021-04-12 00:00:00+00:00,15.906811212812876,15.881596365424544,15.207624617121995
2021-04-13 00:00:00+00:00,16.10992593757825,16.046931821281586,15.416802932449624
2021-04-14 00:00:00+00:00,15.462441273285311,15.464265298058821,14.766608489084799
2021-04-15 00:00:00+00:00,16.55729950729925,16.51678670809069,15.8597762056935
2021-04-16 00:00:00+00:00,16.7943206485603,16.722393751748086,16.10288126231998
2021-04-19 00:00:00+00:00,15.998612357271714,15.973339508905049,15.31924805380056
2021-04-20 00:00:00+00:00,15.046175230699909,14.958043131623743,14.37562267037109
2021-04-21 00:00:00+00:00,15.950207376894276,15.879945955580755,15.281574176768453
2021-04-22 00:00:00+00:00,14.727516242264649,14.658583956071336,14.063845860751844
2021-04-23 00:00:00+00:00,15.816573969417247,15.734100092309289,15.149969096763627
2021-04-26 00:00:00+00:00,15.850601500217621,15.803897436316738,15.190897545418224
2021-04-27 00:00:00+00:00,15.65999493983712,15.612963834714733,15.007699099425231
2021-04-28 00:00:00+00:00,15.393085221518055,15.410055809805145,14.748443908062981
2021-04-29 00:00:00+00:00,16.011255579895266,15.977521112041849,15.364031134699395
2021-04-30 00:00:00+00:00,15.028316616811122,15.058029245203986,14.384466206501179
2021-05-03 00:00:00+00:00,15.183554484698302,15.145750320955731,14.545713033624486
2021-05-04 00:00:00+00:00,14.260730688571766,14.281837055750636,13.634834405997932
2021-05-05 00:00:00+00:00,14.192126945279693,14.168245423634417,13.57288187505219
2021-05-06 00:00:00+00:00,14.987538085425122,14.92563010954191,14.35311760003255
2021-05-07 00:00:00+00:00,15.696847654879154,15.605128034727311,15.046522123564966
2021-05-10 00:00:00+00:00,14.336656538475111,14.305921373993113,13.69871272186931
2021-05-11 00:00:00+00:00,13.195677935914318,13.135682914176572,12.569416797737443
2021-05-12 00:00:00+00:00,10.65277118703085,10.60236486062822,10.032020625833905
2021-05-13 00:00:00+00:00,11.876244622482734,11.789467443931212,11.236791467610319
2021-05-14 00:00:00+00:00,13.40651143378424,13.359030778525028,12.7566219757693
2021-05-17 00:00:00+00:00,12.972765908564998,12.924226955264917,12.332192235530792
2021-05-18 00:00:00+00:00,11.888126893835981,11.815836997908447,11.246850282089405
2021-05-19 00:00:00+00:00,11.444228750617391,11.392910463330196,10.79681830803283
2021-05-20 00:00:00+00:00,12.494317976676639,12.455598874859408,11.837900324503735
2021-05-21 00:00:00+00:00,12.278387567547933,12.231878000752161,11.62595305857872
2021-05-24 00:00:00+00:00,13.266096548907335,13.240222109899902,12.604086914471324
2021-05-25 00:00:00+00:00,12.89309758333015,12.855567858057082,12.238771292984985
2021-05-26 00:00:00+00:00,12.972797499962008,12.946425205546387,12.323669102595037
2021-05-27 00:00:00+00:00,12.976059138865747,12.868361808346517,12.324186504787216
2021-05-28 00:00:00+00:00,12.94535602007889,12.93884086098993,12.286889567276639
2021-06-01 00:00:00+00:00,12.761400227847176,12.707996893327355,12.107553159468143
2021-06-02 00:00:00+00:00,12.803637188557659,12.752997397703837,12.144811309220538
2021-06-03 00:00:00+00:00,12.28407376445,12.207008334889347,11.617273529774707
2021-06-04 00:00:00+00:00,13.1435390134377,13.100146883883411,12.477536277448298
2021-06-07 00:00:00+00:00,12.9211487467781,12.856263470675277,12.260803329730386
2021-06-08 00:00:00+00:00,12.810102882562923,12.747905485262724,12.155074970981318
2021-06-09 00:00:00+00:00,12.479027782799367,12.450497665264514,11.8285188533227
2021-06-10 00:00:00+00:00,12.879944295399781,12.84589982429405,12.228623956015895
2021-06-11 00:00:00+00:00,12.975246106007553,12.905867158531215,12.327774909374822
2021-06-14 00:00:00+00:00,13.085072249161978,13.0358178938619,12.416259235415694
2021-06-15 00:00:00+00:00,12.74094167545785,12.708437685145423,12.077293844297344
2021-06-16 00:00:00+00:00,12.021837057091966,11.966858778023393,11.368003348374312
2021-06-17 00:00:00+00:00,11.862524632731963,11.816042112670821,11.213684363763377
2021-06-18 00:00:00+00:00,10.300229949959473,10.208720916951929,9.661652841513725
2021-06-21 00:00:00+00:00,11.747916543292503,11.68499281248283,11.103013584671029
2021-06-22 00:00:00+00:00,12.196930828426966,12.15887652064518,11.55627678225908
2021-06-23 00:00:00+00:00,11.949017912724269,11.897548495514098,11.31628047602604
2021-06-24 00:00:00+00:00,12.464582834532912,12.41546022721658,11.826026469768447
2021-06-25 00:00:00+00:00,12.704164847210798,12.677998529811617,12.068974402137833
2021-06-28 00:00:00+00:00,12.817697259616988,12.758487037625743,12.188689002618847
2021-06-29 00:00:00+00:00,12.712130514857488,12.672733842797058,12.08047677754669
2021-06-30 00:00:00+00:00,12.723782638409498,12.62727291520318,12.095562190187813
2021-07-01 00:00:00+00:00,13.177639565351228,13.109104501791835,12.546028921610208
2021-07-02 00:00:00+00:00,13.89071809950817,13.82430863861801,13.247503571834951
2021-07-06 00:00:00+00:00,13.51317697847465,13.465071797351303,12.873663316365835
2021-07-07 00:00:00+00:00,13.734364704821079,13.706074607174635,13.100167713580113
2021-07-08 00:00:00+00:00,12.624318385160871,12.621269020770232,11.980833379733436
2021-07-09 00:00:00+00:00,13.733966367764783,13.661915327073192,13.08929261610501
2021-07-12 00:00:00+00:00,13.95032025872256,13.893812193763754,13.311292769661653
2021-07-13 00:00:00+00:00,13.378866336778806,13.334926544083547,12.749245890186046
2021-07-14 00:00:00+00:00,13.360580401205713,13.340314597463454,12.724116299109788
2021-07-15 00:00:00+00:00,12.839795489118288,12.800578347779613,12.2105830092333
2021-07-16 00:00:00+00:00,11.839815789727748,11.767139630541724,11.222710627777467
2021-07-19 00:00:00+00:00,9.934068864730762,9.98310959712514,9.33183513136353
2021-07-20 00:00:00+00:00,11.462731460413789,11.418429722465007,10.85550332714995
2021-07-21 00:00:00+00:00,12.229585803820498,12.169320873165956,11.624566100322031
2021-07-22 00:00:00+00:00,12.319790554224653,12.260281520227402,11.712512105559703
2021-07-23 00:00:00+00:00,13.30557246087487,13.256657481864377,12.694435182441577
2021-07-26 00:00:00+00:00,13.42480332595295,13.383050466431069,12.818392539679358
2021-07-27 00:00:00+00:00,12.747003541889956,12.72294862578498,12.150177936537897
2021-07-28 00:00:00+00:00,12.58776758264335,12.538441966498294,11.99751800133444
2021-07-29 00:00:00+00:00,12.940812235029696,12.872045218883299,12.342089877863138
2021-07-30 00:00:00+00:00,12.206500707804713,12.191490595924947,11.609449706673459
2021-08-02 00:00:00+00:00,11.865905891687035,11.822509584448815,11.276833417904019
2021-08-03 00:00:00+00:00,12.64310778433375,12.592145306704715,12.056127684149542
2021-08-04 00:00:00+00:00,11.985619512513424,11.902065888402834,11.407372311243869
2021-08-05 00:00:00+00:00,12.517015663512776,12.462469318955026,11.934491951981485
2021-08-06 00:00:00+00:00,12.570872715581327,12.501102578581168,11.981443331950148
2021-08-09 00:00:00+00:00,12.325837049041045,12.26248487267856,11.73562870435858
2021-08-10 00:00:00+00:00,12.291704433328565,12.257101785618719,11.70810027270579
2021-08-11 00:00:00+00:00,12.427731239751893,12.391059809232786,11.713207684344852
2021-08-12 00:00:00+00:00,12.63252247140314,12.572044217965871,12.02712419549481
2021-08-13 00:00:00+00:00,12.658965391078958,12.618363339092875,12.05560127619163
2021-08-16 00:00:00+00:00,12.779946981149815,12.707316739469787,12.179256691786232
2021-08-17 00:00:00+00:00,11.824816572996543,11.802715582453605,11.228710591111879
2021-08-18 00:00:00+00:00,10.481566129991137,10.417587670841911,9.877889657416672
2021-08-19 00:00:00+00:00,10.470245148296264,10.431405587458652,9.865693042218737
2021-08-20 00:00:00+00:00,11.219774945157068,11.15533092674703,10.612257105298228
2021-08-23 00:00:00+00:00,12.026593448775703,11.982322699190151,11.411360662999082
2021-08-24 00:00:00+00:00,12.052062898760063,12.017773360161677,11.442773351249436
2021-08-25 00:00:00+00:00,12.158159997614693,12.109130229812104,11.553469939309347
2021-08-26 00:00:00+00:00,11.375462571605087,11.314595913618941,10.77731962334363
2021-08-27 00:00:00+00:00,12.219484337173792,12.169934098579937,11.619696637956544
2021-08-30 00:00:00+00:00,12.569931819163237,12.523912564889317,11.967897939366479
2021-08-31 00:00:00+00:00,12.28757674467782,12.214602592318634,11.680761186402489
2021-09-01 00:00:00+00:00,12.193423016908,12.138339439161294,11.586210562606292
2021-09-02 00:00:00+00:00,12.397230071585529,12.351559022573433,11.777961125836423
2021-09-03 00:00:00+00:00,12.227811356280661,12.19031346846795,11.613208067695169
2021-09-07 00:00:00+00:00,11.712588438667847,11.652323648602048,11.104037418093826
2021-09-08 00:00:00+00:00,11.435049895414018,11.382731778015964,10.830561749832324
2021-09-09 00:00:00+00:00,10.797606522804726,10.772655551237808,10.19353740510962
2021-09-10 00:00:00+00:00,9.822325932498611,9.77493822644886,9.22456675072294
2021-09-13 00:00:00+00:00,9.9547095981684,9.937656139472661,9.361587826740303
2021-09-14 00:00:00+00:00,9.23473061495159,9.229569916555525,8.625011639316927
2021-09-15 00:00:00+00:00,10.043624870012735,10.022700561440189,9.432816539055056
2021-09-16 00:00:00+00:00,9.75579829356752,9.728363285808461,9.149492865912222
2021-09-17 00:00:00+00:00,8.647979489745605,8.551964935421562,8.053478409783121
2021-09-20 00:00:00+00:00,6.708435493184894,6.6470898690194735,6.129938365659093
2021-09-21 00:00:00+00:00,6.531567634645152,6.452146105398038,5.9550229569754976
2021-09-22 00:00:00+00:00,7.4486715680601945,7.394134024759302,6.873103196050212
2021-09-23 00:00:00+00:00,8.650776339053756,8.593474572010207,8.070521946869324
2021-09-24 00:00:00+00:00,8.705378471411418,8.667333746963756,8.129492941643779
2021-09-27 00:00:00+00:00,8.298705468323387,8.249282248349687,7.728589818354337
2021-09-28 00:00:00+00:00,6.005282843543958,5.974461992763347,5.447286129148088
2021-09-29 00:00:00+00:00,6.0867145834574865,6.057939071709062,5.5237885544270116
2021-09-30 00:00:00+00:00,4.741119486040479,4.672802195993042,4.183803299520816
2021-10-01 00:00:00+00:00,5.854805296083732,5.82664932572492,5.296678395119847
2021-10-04 00:00:00+00:00,4.405137684959004,4.3810149528906495,3.8541002230846777
2021-10-05 00:00:00+00:00,5.430784504907504,5.3823940905108,4.8681958688339355
2021-10-06 00:00:00+00:00,5.774293469543612,5.731235081410846,5.215405549011942
2021-10-07 00:00:00+00:00,6.580021189821927,6.549019536101253,5.998438541584328
2021-10-08 00:00:00+00:00,6.281608308462072,6.258973182691019,5.7059345098896985
2021-10-11 00:00:00+00:00,5.460920611900044,5.399307946204379,4.8954465329117625
2021-10-12 00:00:00+00:00,5.118292617008069,5.053007417413258,4.560506336324721
2021-10-13 00:00:00+00:00,5.352819990772839,5.345931493950484,4.7974016850618195
2021-10-14 00:00:00+00:00,7.064886230875778,7.021242292363161,6.494623684939804
2021-10-15 00:00:00+00:00,7.762047083706958,7.735349743730602,7.194014950594663
2021-10-18 00:00:00+00:00,8.025159957623673,7.95395253857647,7.461687660672789
2021-10-19 00:00:00+00:00,8.712791882937543,8.674754802591123,8.150111676442862
2021-10-20 00:00:00+00:00,9.000749446359603,8.990322031151909,8.44137077871141
2021-10-21 00:00:00+00:00,9.22460354161927,9.164583284519544,8.662127914652217
2021-10-22 00:00:00+00:00,9.006712391115634,8.949623708710973,8.449604683652545
2021-10-25 00:00:00+00:00,9.42193893285932,9.431306384510485,8.86819254899227
2021-10-26 00:00:00+00:00,9.514345315257877,9.423402239639756,8.965621495982813
2021-10-27 00:00:00+00:00,8.859900094249573,8.835677791300078,8.318360844086193
2021-10-28 00:00:00+00:00,9.826555732550313,9.777643454947093,9.28077340918314
2021-10-29 00:00:00+00:00,9.941013322027015,9.889242605165371,9.388489374444319
2021-11-01 00:00:00+00:00,10.023587551544622,9.962531937355212,9.475479932302001
2021-11-02 00:00:00+00:00,10.313940786139565,10.292568102387012,9.77006864697676
2021-11-03 00:00:00+00:00,10.914204851939635,10.854027394412014,10.373526319420701
2021-11-04 00:00:00+00:00,11.277501761443265,11.261745271713686,10.726672307639863
2021-11-05 00:00:00+00:00,11.58489791675783,11.529066708741587,11.027556705457853
2021-11-08 00:00:00+00:00,11.567456780837148,11.507140429122597,11.015091068005622
2021-11-09 00:00:00+00:00,11.069307042491406,11.023309903171796,10.517644981001872
2021-11-10 00:00:00+00:00,10.057880540473697,10.008845427097878,9.492846313589997
2021-11-11 00:00:00+00:00,10.000800417610357,9.927320020957575,9.442036482534322
2021-11-12 00:00:00+00:00,10.673464918306742,10.624793054320559,10.106972802825087
2021-11-15 00:00:00+00:00,10.552711863343722,10.538565771091001,9.98825831675163
2021-11-16 00:00:00+00:00,10.865873932575765,10.856209811308393,10.30009835051995
2021-11-17 00:00:00+00:00,10.48173129480281,10.469500479082129,9.902447751108024
2021-11-18 00:00:00+00:00,10.751171306774875,10.730676093833535,10.166915858492963
2021-11-19 00:00:00+00:00,10.487484096459632,10.422114065681033,9.90844721475732
2021-11-22 00:00:00+00:00,10.039439222184132,10.006536073660799,9.458804149227639
2021-11-23 00:00:00+00:00,10.116638367893982,10.046621486738072,9.540404473432096
2021-11-24 00:00:00+00:00,10.265963345525497,10.232731397032024,9.690289733116009
2021-11-26 00:00:00+00:00,7.6714006924539335,7.68309884100955,7.112849137475741
2021-11-29 00:00:00+00:00,9.002034240162814,8.907222490500732,8.435699199349745
2021-11-30 00:00:00+00:00,6.864539805040448,6.704284722657405,6.3010737008059925
2021-12-01 00:00:00+00:00,5.533824040903257,5.442626165187536,4.97404007115867
2021-12-02 00:00:00+00:00,6.960134990947475,6.969411762617583,6.382042813865563
2021-12-03 00:00:00+00:00,5.977800638119568,5.955421068233946,5.405885771928598
2021-12-06 00:00:00+00:00,7.129316526354068,7.115786307573857,6.553896018163385
2021-12-07 00:00:00+00:00,9.240909919388463,9.22365337996256,8.658776783504774
2021-12-08 00:00:00+00:00,9.475711949540111,9.408843645768684,8.89609052706135
2021-12-09 00:00:00+00:00,8.591475944188854,8.559214867213228,8.009257114381118
2021-12-10 00:00:00+00:00,9.509503699709088,9.461287915092132,8.927105289399929
2021-12-13 00:00:00+00:00,8.409346252633787,8.38986223435516,7.836309990710144
2021-12-14 00:00:00+00:00,7.51435325107368,7.543481147704023,6.936376400769229
2021-12-15 00:00:00+00:00,9.15617026284039,9.106265615831632,8.573113766406415
2021-12-16 00:00:00+00:00,8.088440170365917,8.027143155238537,7.512260692880268
2021-12-17 00:00:00+00:00,6.88081614258389,6.776569856859038,6.310889147393595
2021-12-20 00:00:00+00:00,5.568416711908952,5.545248569469252,5.010014913857197
2021-12-21 00:00:00+00:00,7.351933339724814,7.318818116091852,6.781904536857475
2021-12-22 00:00:00+00:00,8.35097030241021,8.287413103096952,7.770234670433762
2021-12-23 00:00:00+00:00,8.922910852338362,8.85754785752988,8.343204153394556
2021-12-27 00:00:00+00:00,10.3210860016673,10.285361054775333,9.735907731556726
2021-12-28 00:00:00+00:00,10.10066332322166,10.086277961335322,9.522535041780177
2021-12-29 00:00:00+00:00,10.144724952222628,10.116807315906762,9.571979173410172
2021-12-30 00:00:00+00:00,9.718706535351362,9.705938100628142,9.144006961998885
2021-12-31 00:00:00+00:00,9.32383740267333,9.317868276826037,8.75172253532659
2022-01-03 00:00:00+00:00,9.90466751070469,9.834404310279755,9.334711972374897
2022-01-04 00:00:00+00:00,9.73024102341411,9.685589756212565,9.159755602600272
2022-01-05 00:00:00+00:00,7.508011185687136,7.477243010994972,6.946640614756339
2022-01-06 00:00:00+00:00,7.308018022368201,7.2725820967352695,6.745583515885878
2022-01-07 00:00:00+00:00,6.794054637061198,6.750265272930123,6.220583428754822
2022-01-10 00:00:00+00:00,6.550223990119175,6.527816302653777,5.983782374996216
2022-01-11 00:00:00+00:00,7.429943006918949,7.4023773199399345,6.864623470574349
2022-01-12 00:00:00+00:00,7.6348678875701514,7.594095662341482,7.072539502721642
2022-01-13 00:00:00+00:00,6.025510408831591,6.024246101297104,5.4654712821280205
2022-01-14 00:00:00+00:00,6.031463480586963,5.985268693530288,5.475191308028249
2022-01-18 00:00:00+00:00,4.019176495505317,4.0440493147084755,3.4772955963991103
2022-01-19 00:00:00+00:00,2.954547353984638,2.905465454766709,2.4215281188268545
2022-01-20 00:00:00+00:00,1.7742471728312337,1.7152893689686755,1.244990632865628
2022-01-21 00:00:00+00:00,-0.18869756635726542,-0.3194676095845894,-0.7037665980654806
2022-01-24 00:00:00+00:00,0.051070481604775786,0.06691083217467142,-0.4601564261022095
2022-01-25 00:00:00+00:00,-1.1967724438572747,-1.1850610218689606,-1.6970910560160535
2022-01-26 00:00:00+00:00,-1.371854942758044,-1.4605348252675232,-1.8672816967967076
2022-01-27 00:00:00+00:00,-1.9236807494882768,-1.9737234832078232,-2.4178546992284833
2022-01-28 00:00:00+00:00,0.44114771305205913,0.4263102299180366,-0.07142012519518737
2022-01-31 00:00:00+00:00,2.296605471499391,2.19237145772353,1.7779517000097833
2022-02-01 00:00:00+00:00,2.949228964967854,2.834011352865673,2.432208953040238
2022-02-02 00:00:00+00:00,3.8617190420918046,3.774885204546208,3.344473930772174
2022-02-03 00:00:00+00:00,1.2932519556276834,1.2958600058111003,0.7892903268580165
2022-02-04 00:00:00+00:00,1.7854895178314623,1.7254109525407735,1.2673886853559635
2022-02-07 00:00:00+00:00,1.3709812189696358,1.3591183330259105,0.8580646115727619
2022-02-08 00:00:00+00:00,2.1798320117305536,2.149719808428019,1.667212796411266
2022-02-09 00:00:00+00:00,3.623857845421763,3.592977723887758,3.0967207763501703
2022-02-10 00:00:00+00:00,1.7176601177340434,1.6903365041927243,1.19255774355842
2022-02-11 00:00:00+00:00,-0.23657894975575022,-0.3425505467567147,-0.750107586362414
2022-02-14 00:00:00+00:00,-0.6423877896013841,-0.6974169440050582,-1.1557641405361863
2022-02-15 00:00:00+00:00,0.8987334988975082,0.8674489941398855,0.37130935068778737
2022-02-16 00:00:00+00:00,0.960428804306579,0.9404676654672706,0.4247740725701332
2022-02-17 00:00:00+00:00,-1.193912962454291,-1.2441597451830821,-1.724984796824236
2022-02-18 00:00:00+00:00,-1.9089524725882545,-1.9050254421238089,-2.445353905249259
2022-02-22 00:00:00+00:00,-2.9156151407145225,-2.9705194279114,-3.4426602034558274
2022-02-23 00:00:00+00:00,-4.711655955853944,-4.700455346644816,-5.224426051328868
2022-02-24 00:00:00+00:00,-3.298633455757838,-3.2861517442882793,-3.8216153022820443
2022-02-25 00:00:00+00:00,-1.1652630163324074,-1.1928351397152204,-1.7052944505768441
2022-02-28 00:00:00+00:00,-1.4299387833552557,-1.4794626759191631,-1.9741156190147602
2022-03-01 00:00:00+00:00,-2.9720545646967245,-2.999144770082074,-3.50523681079572
2022-03-02 00:00:00+00:00,-1.1898917313209911,-1.24419906322637,-1.7308946910227552
2022-03-03 00:00:00+00:00,-1.7278863251107723,-1.7666975044169475,-2.273062831357675
2022-03-04 00:00:00+00:00,-2.5291541694346775,-2.592689478757526,-3.0715727652098623
2022-03-07 00:00:00+00:00,-5.414352108212272,-5.472997254826417,-5.937141208208807
2022-03-08 00:00:00+00:00,-6.102424655542293,-6.19540042088188,-6.619120158218528
2022-03-09 00:00:00+00:00,-3.6885097394845356,-3.693885258577012,-4.228061390914339
2022-03-10 00:00:00+00:00,-4.105698436429261,-4.141054875418049,-4.64671667976061
2022-03-11 00:00:00+00:00,-5.348941544945496,-5.3654265366992355,-5.88351900950178
2022-03-14 00:00:00+00:00,-6.032862108335113,-6.059015429792836,-6.579053882499308
2022-03-15 00:00:00+00:00,-4.030380426687696,-4.00435066865904,-4.5852753557467985
2022-03-16 00:00:00+00:00,-1.9022654640613479,-1.8979308423342833,-2.4665448546996815
2022-03-17 00:00:00+00:00,-0.7130620242169039,-0.6984352824141449,-1.2847051957218913
2022-03-18 00:00:00+00:00,0.41022626698667963,0.3538386670643323,-0.16364657957540496
2022-03-21 00:00:00+00:00,0.34046479574478816,0.2936074251339127,-0.23285009623622566
2022-03-22 00:00:00+00:00,1.4369383049217532,1.4295488100458664,0.862776176185065
2022-03-23 00:00:00+00:00,0.16663600903381592,0.09280382178684654,-0.4005755125000787
2022-03-24 00:00:00+00:00,1.5725765916986267,1.5623420423597656,0.9941419519709616
2022-03-25 00:00:00+00:00,2.0476231919489996,2.018563364533943,1.4713479985141609
2022-03-28 00:00:00+00:00,2.733611518083112,2.701277443937644,2.1589261291182993
2022-03-29 00:00:00+00:00,3.9437700765005967,3.92282814650744,3.3676010510574894
2022-03-30 00:00:00+00:00,3.253626053798686,3.2349587640261745,2.6762633267187086
2022-03-31 00:00:00+00:00,1.6042041715536248,1.6059743907191892,1.0345529632785455
2022-04-01 00:00:00+00:00,1.9084497104390197,1.8522310084694737,1.3424899680628766
2022-04-04 00:00:00+00:00,2.680675773058483,2.6717240606952464,2.1150732688574037
2022-04-05 00:00:00+00:00,1.3688849123900226,1.3358075308746775,0.7996245052614315
2022-04-06 00:00:00+00:00,0.35268403193375875,0.29149529164025356,-0.20592469833833338
2022-04-07 00:00:00+00:00,0.7576562674483478,0.7625880218690817,0.18971422220661616
2022-04-08 00:00:00+00:00,0.46223123712156866,0.463122035776542,-0.10055542071547574
2022-04-11 00:00:00+00:00,-1.2531068073208251,-1.2733893185871148,-1.8009943145095852
2022-04-12 00:00:00+00:00,-1.604187399161272,-1.6557281156008852,-2.148217327582236
2022-04-13 00:00:00+00:00,-0.5084213497124623,-0.5513956650714413,-1.071802295091584
2022-04-14 00:00:00+00:00,-1.7323967192174994,-1.8050448821251952,-2.2835362599490816
2022-04-18 00:00:00+00:00,-1.7655748560092777,-1.7775998026565265,-2.311351466498912
2022-04-19 00:00:00+00:00,-0.20425152731422536,-0.20943272516770195,-0.7548333012519226
2022-04-20 00:00:00+00:00,-0.28268098755097615,-0.3013290801873514,-0.8289970445486072
2022-04-21 00:00:00+00:00,-1.7549008437162783,-1.8008109152766405,-2.2959217199426507
2022-04-22 00:00:00+00:00,-4.478551183309598,-4.4945774618246,-5.001058199064556
2022-04-25 00:00:00+00:00,-3.930048766631733,-3.937909921888183,-4.45195879995357
2022-04-26 00:00:00+00:00,-6.61629717073331,-6.7024527444927156,-7.119652394890929
2022-04-27 00:00:00+00:00,-6.404874141570282,-6.425363001617312,-6.905602879405381
2022-04-28 00:00:00+00:00,-4.078816273149388,-4.057240521317295,-4.592592013423468
2022-04-29 00:00:00+00:00,-7.533698740266114,-7.583685746870805,-8.031062097026231
2022-05-02 00:00:00+00:00,-6.995419144145409,-7.014204858893914,-7.4914307015185315
2022-05-03 00:00:00+00:00,-6.541581999880863,-6.583313649544875,-7.035365108273273
2022-05-04 00:00:00+00:00,-3.7521561334858955,-3.740875726409776,-4.2567763274653725
2022-05-05 00:00:00+00:00,-7.1559144238876105,-7.145001214962998,-7.6482170383590065
2022-05-06 00:00:00+00:00,-7.648667072454874,-7.678660302364881,-8.14727138488377
2022-05-09 00:00:00+00:00,-10.56318763336317,-10.596943435224293,-11.048300200767148
2022-05-10 00:00:00+00:00,-10.305390842858753,-10.352502041213329,-10.787788580028824
2022-05-11 00:00:00+00:00,-11.737386457971144,-11.735045841329317,-12.210871696400938
2022-05-12 00:00:00+00:00,-11.778605405343523,-11.78535633765273,-12.278599956830028
2022-05-13 00:00:00+00:00,-9.627770372722043,-9.64115270693483,-10.145080027172604
2022-05-16 00:00:00+00:00,-9.945652208216227,-9.973227468524136,-10.460969453449609
2022-05-17 00:00:00+00:00,-8.098737731192685,-8.09547726522264,-8.624552680895835
2022-05-18 00:00:00+00:00,-11.745414977373969,-11.755639640946535,-12.26672424949895
2022-05-19 00:00:00+00:00,-12.206324603011542,-12.251410396639573,-12.72957452067277
2022-05-20 00:00:00+00:00,-12.144908712812342,-12.165779411424415,-12.665263202732902
2022-05-23 00:00:00+00:00,-10.462638858140583,-10.480762890958218,-10.998663483061277
2022-05-24 00:00:00+00:00,-11.144458696436532,-11.120110109426607,-11.672871136110041
2022-05-25 00:00:00+00:00,-10.262120928054319,-10.293389984282541,-10.79233057088963
2022-05-26 00:00:00+00:00,-8.4396008508548,-8.465638088921812,-8.979350349655723
2022-05-27 00:00:00+00:00,-6.131348394112745,-6.19154492105668,-6.695629095830579
2022-05-31 00:00:00+00:00,-6.682036766423094,-6.687718747056204,-7.2461056864140065
2022-06-01 00:00:00+00:00,-7.336755107232662,-7.407935834159418,-7.901039380247954
2022-06-02 00:00:00+00:00,-5.589374848270134,-5.620869145041263,-6.174984855873101
2022-06-03 00:00:00+00:00,-7.100724672751813,-7.144203745907662,-7.678521745456212
2022-06-06 00:00:00+00:00,-6.783860784746453,-6.836415921850092,-7.359273720607962
2022-06-07 00:00:00+00:00,-5.869034410988705,-5.917980441324211,-6.447475612978382
2022-06-08 00:00:00+00:00,-6.8487212724916535,-6.907500587131232,-7.419415168333032
2022-06-09 00:00:00+00:00,-9.013637826596776,-9.078105641598777,-9.57507422508157
2022-06-10 00:00:00+00:00,-11.605133391441946,-11.659674274930754,-12.14851745507377
2022-06-13 00:00:00+00:00,-14.967154462204824,-14.949331124353959,-15.485825802640797
2022-06-14 00:00:00+00:00,-15.189036860032722,-15.13634465282081,-15.731260370398992
2022-06-15 00:00:00+00:00,-13.881809210604668,-13.859421058539034,-14.430260548851848
2022-06-16 00:00:00+00:00,-16.596776003784107,-16.634108348278463,-17.132230476234135
2022-06-17 00:00:00+00:00,-16.335663941449084,-16.37839040690382,-16.87007501429236
2022-06-21 00:00:00+00:00,-14.21278321968591,-14.202966571320042,-14.760838704951695
2022-06-22 00:00:00+00:00,-14.252490033652187,-14.287599094595294,-14.796979130361688
2022-06-23 00:00:00+00:00,-13.364915300664048,-13.380884239744395,-13.914157395022976
2022-06-24 00:00:00+00:00,-10.659419435690708,-10.571083131590386,-11.222452642693327
2022-06-27 00:00:00+00:00,-10.867229149966207,-10.857402298194096,-11.426775658509703
2022-06-28 00:00:00+00:00,-12.604290443321265,-12.620161970223599,-13.148083964209366
2022-06-29 00:00:00+00:00,-12.596948077086466,-12.63116310503004,-13.14575769794798
2022-06-30 00:00:00+00:00,-13.287893406414252,-13.280536625617579,-13.842101401875674
2022-07-01 00:00:00+00:00,-12.311039458284945,-12.30249790951875,-12.867820807724161
2022-07-05 00:00:00+00:00,-12.096773265118632,-12.077268895013493,-12.66590088712265
2022-07-06 00:00:00+00:00,-11.72680973695731,-11.726127649790142,-12.295074948519147
2022-07-07 00:00:00+00:00,-10.35396281148737,-10.36238679286573,-10.936378873132291
2022-07-08 00:00:00+00:00,-10.379761312406654,-10.394568893437938,-10.964118710588732
2022-07-11 00:00:00+00:00,-11.361529947068604,-11.368256238245046,-11.936063281968712
2022-07-12 00:00:00+00:00,-12.120896780184054,-12.094204564538668,-12.687259140985729
2022-07-13 00:00:00+00:00,-12.450320523274828,-12.495009312388017,-13.011396306349843
2022-07-14 00:00:00+00:00,-12.641240863868008,-12.647062246177166,-13.2074303776752
2022-07-15 00:00:00+00:00,-10.9187644626068,-10.933002409808068,-11.49130459118327
2022-07-18 00:00:00+00:00,-11.61519366268996,-11.619579725107354,-12.17837319687466
2022-07-19 00:00:00+00:00,-9.135987514674548,-9.197782625834916,-9.713632391725202
2022-07-20 00:00:00+00:00,-8.562378078728205,-8.58232531662736,-9.139942678772151
2022-07-21 00:00:00+00:00,-7.625668004810149,-7.62443247791611,-8.212187655583868
2022-07-22 00:00:00+00:00,-8.451459968625375,-8.446201319989932,-9.028694153530314
2022-07-25 00:00:00+00:00,-8.294433701529847,-8.298200615471284,-8.867542289860452
2022-07-26 00:00:00+00:00,-9.307285574970726,-9.337926261083162,-9.869941692299111
2022-07-27 00:00:00+00:00,-6.89990893208271,-6.949156109022148,-7.473370168399185
2022-07-28 00:00:00+00:00,-5.732804887779553,-5.755956771322768,-6.319609921069203
2022-07-29 00:00:00+00:00,-4.364529660512517,-4.363203273325289,-4.964534383189756
2022-08-01 00:00:00+00:00,-4.612444938987947,-4.624634609412381,-5.2060898751762
2022-08-02 00:00:00+00:00,-5.2150373458747845,-5.221236291625219,-5.800020367752767
2022-08-03 00:00:00+00:00,-3.701826762763294,-3.70732156122906,-4.2920358779114824
2022-08-04 00:00:00+00:00,-3.7366806510720996,-3.740893307905113,-4.329575748065406
2022-08-05 00:00:00+00:00,-3.84510142054032,-3.8675416815703634,-4.443888783256322
2022-08-08 00:00:00+00:00,-3.924210344275736,-3.9405945775317197,-4.518548919346454
2022-08-09 00:00:00+00:00,-4.284855908568463,-4.280520312945157,-4.877348772596757
2022-08-10 00:00:00+00:00,-2.21089784426034,-2.2379486305578067,-2.814603592427256
2022-08-11 00:00:00+00:00,-2.2189765750706747,-2.2031044232552532,-2.8428855762514638
2022-08-12 00:00:00+00:00,-0.48490835897440077,-0.5198017283690182,-1.1262572225231082
2022-08-15 00:00:00+00:00,-0.06368586441215518,-0.08640759484245253,-0.7045808524347441
2022-08-16 00:00:00+00:00,0.15619226298073663,0.1368637146006435,-0.48485103823564524
2022-08-17 00:00:00+00:00,-0.518873282079868,-0.5419100686594902,-1.1672735117628896
2022-08-18 00:00:00+00:00,-0.24631039525671028,-0.2212641866059406,-0.9051654786709773
2022-08-19 00:00:00+00:00,-1.4905904823379834,-1.5221993885760732,-2.137966917115053
2022-08-22 00:00:00+00:00,-3.5363624169328367,-3.520626746919542,-4.174273302217113
2022-08-23 00:00:00+00:00,-3.6955673542748646,-3.698404342091832,-4.327643492757938
2022-08-24 00:00:00+00:00,-3.356571658629548,-3.333958148474647,-3.986712117652058
2022-08-25 00:00:00+00:00,-1.9415913344941194,-1.9184586914480328,-2.5769648882685625
2022-08-26 00:00:00+00:00,-5.17920571227547,-5.175247652355952,-5.790370353509433
2022-08-29 00:00:00+00:00,-5.74519473502969,-5.740559309942728,-6.35142575974903
2022-08-30 00:00:00+00:00,-6.710962366098827,-6.709228930511591,-7.312795555380392
2022-08-31 00:00:00+00:00,-7.3488072270395,-7.3463379091895264,-7.959448328386721
2022-09-01 00:00:00+00:00,-6.983524504503425,-6.983722804747405,-7.60670273114552
2022-09-02 00:00:00+00:00,-7.897395342694091,-7.886779146645728,-8.515940687840773
2022-09-06 00:00:00+00:00,-8.191994955687454,-8.156365042335544,-8.807611352592659
2022-09-07 00:00:00+00:00,-6.432223314927055,-6.432880382106165,-7.056470202028031
2022-09-08 00:00:00+00:00,-5.731997575682413,-5.751000724829691,-6.3664118738427256
2022-09-09 00:00:00+00:00,-4.221246646423637,-4.223819604097323,-4.868055647783754
2022-09-12 00:00:00+00:00,-3.1481077004165248,-3.1349867612132876,-3.795866818048521
2022-09-13 00:00:00+00:00,-7.25530465825771,-7.269067508860272,-7.872524976299888
2022-09-14 00:00:00+00:00,-6.850900524767011,-6.849969945378787,-7.490206626618356
2022-09-15 00:00:00+00:00,-7.820118288474742,-7.83198676774658,-8.456307472556656
2022-09-16 00:00:00+00:00,-8.411779958498766,-8.466487492144736,-9.039759919286084
2022-09-19 00:00:00+00:00,-7.721997143647408,-7.696148979655759,-8.350052770147197
2022-09-20 00:00:00+00:00,-8.68942744054828,-8.683542140693735,-9.306286718343815
2022-09-21 00:00:00+00:00,-10.172681408386442,-10.202516354028079,-10.780108554526224
2022-09-22 00:00:00+00:00,-10.843457717870287,-10.874361232452124,-11.445117896556567
2022-09-23 00:00:00+00:00,-12.28043427483424,-12.270133509657411,-12.869156250983515
2022-09-26 00:00:00+00:00,-13.08533788271874,-13.03618416956046,-13.663590340346065
2022-09-27 00:00:00+00:00,-13.164732170755055,-13.158649521139287,-13.742725787551645
2022-09-28 00:00:00+00:00,-11.35272506354964,-11.351225285830314,-11.942464925970775
2022-09-29 00:00:00+00:00,-13.112515813926528,-13.102374992241772,-13.697724004416589
2022-09-30 00:00:00+00:00,-14.316304829966908,-14.344253896518389,-14.892244792223575
2022-10-03 00:00:00+00:00,-11.995443271872775,-11.980495838405892,-12.582318193162312
2022-10-04 00:00:00+00:00,-9.20701073049257,-9.16417747248075,-9.814701229011447
2022-10-05 00:00:00+00:00,-9.296657704685119,-9.2911719448316,-9.906955197634026
2022-10-06 00:00:00+00:00,-10.120521089042144,-10.144140800683532,-10.742446923911842
2022-10-07 00:00:00+00:00,-12.534705359177023,-12.550611355907805,-13.137464118079656
2022-10-10 00:00:00+00:00,-13.083031452689687,-13.111146970575938,-13.676600493209856
2022-10-11 00:00:00+00:00,-13.536068715953087,-13.549307951889089,-14.122697454179288
2022-10-12 00:00:00+00:00,-13.698275606248433,-13.71431338002802,-14.280777511124597
2022-10-13 00:00:00+00:00,-11.332955159388868,-11.324004842649781,-11.937220603855081
2022-10-14 00:00:00+00:00,-13.307383625129743,-13.224571004071938,-13.896019959759675
2022-10-17 00:00:00+00:00,-10.899447271483364,-10.882387234371071,-11.498927864189735
2022-10-18 00:00:00+00:00,-9.771550995156275,-9.72736867252879,-10.374763038025892
2022-10-19 00:00:00+00:00,-10.260504413415328,-10.253869845840569,-10.854473221375072
2022-10-20 00:00:00+00:00,-10.848350266582173,-10.890659256195478,-11.442791804994867
2022-10-21 00:00:00+00:00,-8.632738225174307,-8.626323601715779,-9.237876726393878
2022-10-24 00:00:00+00:00,-7.452473161821082,-7.413634352767417,-8.059523577306072
2022-10-25 00:00:00+00:00,-5.85923444589278,-5.847904345767385,-6.47135073670293
2022-10-26 00:00:00+00:00,-6.4642623365077645,-6.467845962805208,-7.067752661185523
2022-10-27 00:00:00+00:00,-6.9351704718461304,-6.871093035963682,-7.531426165192001
2022-10-28 00:00:00+00:00,-4.544638012420044,-4.565903425169915,-5.15921084455001
2022-10-31 00:00:00+00:00,-5.167937948436652,-5.17032778283375,-5.776046494957043
2022-11-01 00:00:00+00:00,-5.469244669744988,-5.498426450398841,-6.070278680490393
2022-11-02 00:00:00+00:00,-7.74614014908156,-7.7834713800370885,-8.327442089628413
2022-11-03 00:00:00+00:00,-8.626113042188566,-8.648115218601593,-9.207911150110348
2022-11-04 00:00:00+00:00,-7.287538830832951,-7.258720140200747,-7.891385635266113
2022-11-07 00:00:00+00:00,-6.332547379779186,-6.3104022004264575,-6.938661916029409
2022-11-08 00:00:00+00:00,-5.746330580723502,-5.743540602501051,-6.35109221113912
2022-11-09 00:00:00+00:00,-7.622001207947148,-7.622312881086401,-8.228682685472865
2022-11-10 00:00:00+00:00,-2.453315638207021,-2.5051854654784322,-3.094702836419505
2022-11-11 00:00:00+00:00,-1.518182843877658,-1.5277797496848877,-2.1592549706831665
2022-11-14 00:00:00+00:00,-2.325768128818795,-2.3150288784650197,-2.9771223467992325
2022-11-15 00:00:00+00:00,-1.4107014587864897,-1.4254850377471762,-2.0688647903252755
2022-11-16 00:00:00+00:00,-2.1379372784229966,-2.114160285262423,-2.8069229590569456
2022-11-17 00:00:00+00:00,-2.3498160416358327,-2.3437060281691013,-3.0306652342844687
2022-11-18 00:00:00+00:00,-1.8272760460411597,-1.8450631159296793,-2.507893508715686
2022-11-21 00:00:00+00:00,-2.137949208143053,-2.142581450353831,-2.8207475142935867
2022-11-22 00:00:00+00:00,-0.7547484451174369,-0.7737193873441184,-1.4428246929851785
2022-11-23 00:00:00+00:00,-0.10880518017596374,-0.0946944602398414,-0.7995369666784602
2022-11-25 00:00:00+00:00,-0.0722283174384275,-0.05504613197456765,-0.759038734812556
2022-11-28 00:00:00+00:00,-1.5560160967727499,-1.5908644611279832,-2.2266472450254926
2022-11-29 00:00:00+00:00,-1.6549382602728313,-1.7108178262857932,-2.3267564472464697
2022-11-30 00:00:00+00:00,1.4485904695385132,1.4185597623289636,0.7359947236162956
2022-12-01 00:00:00+00:00,1.419472807322819,1.386309796523344,0.6976326406891387
2022-12-02 00:00:00+00:00,1.349695793214356,1.3129291828571699,0.6274576105082863
2022-12-05 00:00:00+00:00,-0.42247395275127886,-0.46938561036622417,-1.1265906807564896
2022-12-06 00:00:00+00:00,-1.8097254567885135,-1.8607969537511315,-2.501156695720086
2022-12-07 00:00:00+00:00,-1.9519115323562097,-1.989292967506795,-2.638076608053397
2022-12-08 00:00:00+00:00,-1.1749450993984722,-1.195770715846045,-1.8739285871340994
2022-12-09 00:00:00+00:00,-1.8608227332010396,-1.8970197521477439,-2.552373113001105
2022-12-12 00:00:00+00:00,-0.4170822044757716,-0.44068476479135477,-1.112628055958953
2022-12-13 00:00:00+00:00,0.3499918131662838,0.350111946684728,-0.34802796134727476
2022-12-14 00:00:00+00:00,-0.20645452138862153,-0.2595388446392066,-0.9130029530125205
2022-12-15 00:00:00+00:00,-2.63379777451318,-2.6467823422992476,-3.3235797740397754
2022-12-16 00:00:00+00:00,-3.6563407905904066,-3.7412158352087665,-4.339669205995856
2022-12-19 00:00:00+00:00,-4.463587478385533,-4.503191995204425,-5.141123402502679
2022-12-20 00:00:00+00:00,-4.322201979108165,-4.3338030797274385,-4.997934727684239
2022-12-21 00:00:00+00:00,-2.8572622514668744,-2.874813117075925,-3.5504077086526586
2022-12-22 00:00:00+00:00,-4.213413261029297,-4.2124257437062385,-4.890402018386764
2022-12-23 00:00:00+00:00,-3.6053020234072752,-3.6180386561246336,-4.282905533647363
2022-12-27 00:00:00+00:00,-3.9493453671220147,-3.959487928573413,-4.625997530661885
2022-12-28 00:00:00+00:00,-5.063086379789084,-5.112826176116069,-5.726680108944338
2022-12-29 00:00:00+00:00,-3.349503034466561,-3.361077934392087,-4.031139042792664
2022-12-30 00:00:00+00:00,-3.5334287112186002,-3.5594627086663944,-4.2130757964382815
2023-01-03 00:00:00+00:00,-3.8518505049383034,-3.900989741085592,-4.526305507432293
2023-01-04 00:00:00+00:00,-3.0549196199818884,-3.091811058892946,-3.7332103250486193
2023-01-05 00:00:00+00:00,-4.09673746473519,-4.126095119831108,-4.776598742022009
2023-01-06 00:00:00+00:00,-1.8356370273918121,-1.8584410855001954,-2.5264862392604726
2023-01-09 00:00:00+00:00,-1.8301132178617396,-1.8517475181936804,-2.5325090844447895
2023-01-10 00:00:00+00:00,-1.0775419983574896,-1.0957731708230778,-1.7784550128119303
2023-01-11 00:00:00+00:00,0.26066714390313717,0.2202748967477408,-0.44482727545154255
2023-01-12 00:00:00+00:00,0.6825721161795695,0.6528513861876473,-0.03050010602210218
2023-01-13 00:00:00+00:00,1.1615743661484101,1.1165067012685492,0.4487936520940483
2023-01-17 00:00:00+00:00,1.0266437335225476,1.0017766086867663,0.3218759809386684
2023-01-18 00:00:00+00:00,-0.47733258116081645,-0.5242508188696982,-1.1646671905970796
2023-01-19 00:00:00+00:00,-1.1516526111381875,-1.175048156130487,-1.839721627708335
2023-01-20 00:00:00+00:00,0.7905564705540824,0.736451930151838,0.09417900074424335
2023-01-23 00:00:00+00:00,2.0457989756991424,2.0030041395935116,1.3479497142512287
2023-01-24 00:00:00+00:00,2.027949162377918,1.9461545486775478,1.3351389526342183
2023-01-25 00:00:00+00:00,2.0654887106938524,2.0397675434881135,1.3786132333817758
2023-01-26 00:00:00+00:00,3.2447093077729416,3.209945982482032,2.5499506781851755
2023-01-27 00:00:00+00:00,3.5414500848720554,3.4847612514088855,2.850211151235249
2023-01-30 00:00:00+00:00,2.250124537430076,2.228158353205889,1.5650907246845813
2023-01-31 00:00:00+00:00,3.7904767543792683,3.772438659074262,3.1004692757259145
2023-02-01 00:00:00+00:00,4.904597427107338,4.903857079018392,4.2141335192679374
2023-02-02 00:00:00+00:00,6.473227519352487,6.452061251411134,5.774372682526918
2023-02-03 00:00:00+00:00,5.411376764000875,5.356845107929842,4.722281676765028
2023-02-06 00:00:00+00:00,4.809800953107279,4.751969351122298,4.125155508577083
2023-02-07 00:00:00+00:00,6.184079878451132,6.145311798987629,5.496190276747148
2023-02-08 00:00:00+00:00,5.023823621989809,4.997937022062815,4.3475617854013215
2023-02-09 00:00:00+00:00,4.133285106305418,4.108823277681095,3.4543260327871472
2023-02-10 00:00:00+00:00,4.386906134550772,4.355377839732633,3.6925715382834623
2023-02-13 00:00:00+00:00,5.596633860252198,5.579141114724928,4.8859116807939085
2023-02-14 00:00:00+00:00,5.5923418739754815,5.543566424978352,4.876623022272453
2023-02-15 00:00:00+00:00,5.9018483992692605,5.876430488290785,5.165375055811872
2023-02-16 00:00:00+00:00,4.452087842077512,4.419758921143746,3.723820410249057
2023-02-17 00:00:00+00:00,4.1873887752788885,4.1638876224671995,3.4494172458533923
2023-02-21 00:00:00+00:00,2.131641012534291,2.1061681136502974,1.4151068386588195
2023-02-22 00:00:00+00:00,1.9853990777719988,1.9783975359067396,1.275542881630054
2023-02-23 00:00:00+00:00,2.5443268586030188,2.5279124831790734,1.829627462645833
2023-02-24 00:00:00+00:00,1.4636988416746988,1.4283279838800622,0.7593031402953976
2023-02-27 00:00:00+00:00,1.7831299630848285,1.7688508001061365,1.0713495010444163
2023-02-28 00:00:00+00:00,1.4726360755904055,1.3815801343909806,0.7600251895013121
2023-03-01 00:00:00+00:00,0.9895660974639231,0.9830250881182501,0.2811956290687645
2023-03-02 00:00:00+00:00,1.769129135399372,1.7667640602560208,1.0470016615447886
2023-03-03 00:00:00+00:00,3.4086506244586534,3.3866154083367794,2.673779157654832
2023-03-06 00:00:00+00:00,3.4814549345753676,3.4563596766395532,2.7496045928657953
2023-03-07 00:00:00+00:00,1.8830401579089884,1.8555475894792561,1.1667214570370454
2023-03-08 00:00:00+00:00,2.017153564182883,2.0028989399807573,1.2981262980777952
2023-03-09 00:00:00+00:00,0.14143979669916096,0.11207608929200141,-0.5739115312762055
2023-03-10 00:00:00+00:00,-1.293508264792087,-1.3250759717007732,-1.9994706279581997
2023-03-13 00:00:00+00:00,-1.436212073785037,-1.4613736173050063,-2.136783297424605
2023-03-14 00:00:00+00:00,0.21191620249916276,0.16812833268986527,-0.5168205375853607
2023-03-15 00:00:00+00:00,-0.47028761340014436,-0.44459493481803225,-1.1904952525136903
2023-03-16 00:00:00+00:00,1.31054059950515,1.3199800436106468,0.5700705097828385
2023-03-17 00:00:00+00:00,0.21672714511560276,0.15593557083377618,-0.5109328548987824
2023-03-20 00:00:00+00:00,1.1234192382805208,1.1307181634374164,0.3954340099415532
2023-03-21 00:00:00+00:00,2.459017974271571,2.4737762485541825,1.721264589972682
2023-03-22 00:00:00+00:00,0.7947011799713133,0.7419779602948484,0.06841932696100006
2023-03-23 00:00:00+00:00,1.1191152944052263,1.0295713066795331,0.3891112219720494
2023-03-24 00:00:00+00:00,1.7071680881505014,1.709597322722467,0.9796353366289479
2023-03-27 00:00:00+00:00,1.8853189172170604,1.9100881970858463,1.1637254822324916
2023-03-28 00:00:00+00:00,1.726228647752981,1.680224578378131,1.010489153513272
2023-03-29 00:00:00+00:00,3.1507484862611568,3.1342122459464994,2.432064931360922
2023-03-30 00:00:00+00:00,3.707418123385553,3.6915429468408645,2.9780517797423744
2023-03-31 00:00:00+00:00,5.151388858203032,5.096696389364985,4.415084353248466
2023-04-03 00:00:00+00:00,5.488436055022561,5.44566304922669,4.756778376002058
2023-04-04 00:00:00+00:00,4.8217023524875335,4.795904828756425,4.0921583620798785
2023-04-05 00:00:00+00:00,4.511371080140902,4.459554122460285,3.777987972717267
2023-04-06 00:00:00+00:00,4.854815099907617,4.814941234427095,4.1044945328075455
2023-04-10 00:00:00+00:00,4.907921566745155,4.868972388920345,4.162089515931244
2023-04-11 00:00:00+00:00,4.854742329906259,4.848346418984928,4.116450114338832
2023-04-12 00:00:00+00:00,4.392229029948558,4.390526608485978,3.662272800273003
2023-04-13 00:00:00+00:00,5.752769426499471,5.736922558859625,5.004379523935221
2023-04-14 00:00:00+00:00,5.4846102871306535,5.429384368038681,4.745161552484034
2023-04-17 00:00:00+00:00,5.7834356899304495,5.755913030143489,5.047256131337718
2023-04-18 00:00:00+00:00,5.817041762662267,5.76861499682495,5.087967197713139
2023-04-19 00:00:00+00:00,5.756802642342729,5.699965474489899,5.03538547188449
2023-04-20 00:00:00+00:00,5.091866902753139,5.076683062121434,4.370787521464847
2023-04-21 00:00:00+00:00,5.143090389011951,5.1131132389363065,4.4269922711061005
2023-04-24 00:00:00+00:00,5.194328278232274,5.18458473058776,4.484980777294023
2023-04-25 00:00:00+00:00,3.5060177822365146,3.485581224954837,2.8106204242163146
2023-04-26 00:00:00+00:00,3.075848971372519,3.0145765675934078,2.3896500364504636
2023-04-27 00:00:00+00:00,5.046135237536076,5.016819995347932,4.351327644064296
2023-04-28 00:00:00+00:00,5.868100214265914,5.856814099662788,5.163772037667869
2023-05-01 00:00:00+00:00,5.7699784755462336,5.693047628776338,5.073146696890185
2023-05-02 00:00:00+00:00,4.504591109005851,4.464626768839985,3.8221840681257335
2023-05-03 00:00:00+00:00,3.7334752991051934,3.706964311698835,3.0618518374647907
2023-05-04 00:00:00+00:00,2.9729445739705262,2.9492210777394723,2.3018278569646
2023-05-05 00:00:00+00:00,4.850677774384304,4.824752119050624,4.168691546720993
2023-05-08 00:00:00+00:00,4.874196047237955,4.827542057420087,4.197529062466021
2023-05-09 00:00:00+00:00,4.3734969065620355,4.340348277563333,3.6997966277187766
2023-05-10 00:00:00+00:00,4.814558075892839,4.798336772797529,4.142392931624128
2023-05-11 00:00:00+00:00,4.6240725914098,4.58092723574024,3.9382898848010495
2023-05-12 00:00:00+00:00,4.461412575028967,4.42333927712657,3.7606077498180124
2023-05-15 00:00:00+00:00,4.768734687873755,4.767668251029278,4.059190431902593
2023-05-16 00:00:00+00:00,4.101140612431919,4.063095058616728,3.398185863730041
2023-05-17 00:00:00+00:00,5.346434054507476,5.313554921641761,4.622393326207552
2023-05-18 00:00:00+00:00,6.338304572659759,6.306149482598822,5.596363296014184
2023-05-19 00:00:00+00:00,6.1743385570724785,6.138950885741012,5.438803602951148
2023-05-22 00:00:00+00:00,6.189638643850137,6.168919423866948,5.449754127150075
2023-05-23 00:00:00+00:00,4.992125092386845,4.969739116884386,4.266343010585283
2023-05-24 00:00:00+00:00,4.221233295096383,4.205013223457277,3.506490006418095
2023-05-25 00:00:00+00:00,5.12585801915415,5.096222423380525,4.409173665419042
2023-05-26 00:00:00+00:00,6.4976933105735935,6.450205854435809,5.77225517682165
2023-05-30 00:00:00+00:00,6.498906558278317,6.483447525170538,5.7742441228261
2023-05-31 00:00:00+00:00,5.875890774491799,5.898297602074121,5.141373506907554
2023-06-01 00:00:00+00:00,6.940737815222109,6.906753722036618,6.187650485802476
2023-06-02 00:00:00+00:00,8.496089634832348,8.447861478119956,7.734120661142985
2023-06-05 00:00:00+00:00,8.272467298089726,8.232175969535227,7.5183003666938975
2023-06-06 00:00:00+00:00,8.52191205541628,8.460361248612692,7.771372403514398
2023-06-07 00:00:00+00:00,8.098092143860436,8.072113612691467,7.355274918317423
2023-06-08 00:00:00+00:00,8.750027640415903,8.696999235283087,7.998475086612955
2023-06-09 00:00:00+00:00,8.846605061344581,8.860790260532724,8.0993358620574
2023-06-12 00:00:00+00:00,9.825851191778057,9.813226151605004,9.0797689346936
2023-06-13 00:00:00+00:00,10.55967226221961,10.505927818857884,9.812512934314533
2023-06-14 00:00:00+00:00,10.624191160143837,10.585920565206575,9.859016217804806
2023-06-15 00:00:00+00:00,11.926973496949579,11.893287144093279,11.141712893217859
2023-06-16 00:00:00+00:00,11.450446940406223,11.444763636043831,10.674801585179349
2023-06-20 00:00:00+00:00,10.85478068771646,10.79866486856802,10.09082457997026
2023-06-21 00:00:00+00:00,10.217478306943573,10.168276199109783,9.458611078720992
2023-06-22 00:00:00+00:00,10.564785668720944,10.495199475176719,9.801797091328869
2023-06-23 00:00:00+00:00,9.650652182730536,9.5922452903209,8.90079239591801
2023-06-26 00:00:00+00:00,9.105256720685407,9.089206477744384,8.364821091371756
2023-06-27 00:00:00+00:00,10.295729021520007,10.226356641130497,9.55519009162864
2023-06-28 00:00:00+00:00,10.20615828997844,10.231377183753864,9.474009695604213
2023-06-29 00:00:00+00:00,10.664456295679114,10.618679835908097,9.924425631990275
2023-06-30 00:00:00+00:00,11.945745808597508,11.844298086225669,11.201120486491977
2023-07-03 00:00:00+00:00,12.003235637703447,11.894577727862266,11.260468240826626
2023-07-05 00:00:00+00:00,11.712592287161883,11.644744615991943,10.965899350093089
2023-07-06 00:00:00+00:00,10.753879118752586,10.688579270345521,10.01288758966652
2023-07-07 00:00:00+00:00,10.377828443655668,10.333204732844091,9.629471636934039
2023-07-10 00:00:00+00:00,10.559937245285944,10.528768726594961,9.817377672781102
2023-07-11 00:00:00+00:00,11.209490229996334,11.135454595144779,10.468468835241529
2023-07-12 00:00:00+00:00,11.928908317654674,11.922394295848736,11.18837601229281
2023-07-13 00:00:00+00:00,12.766464061096961,12.689064302771524,12.016418206488666
2023-07-14 00:00:00+00:00,12.527969917393333,12.492893826460172,11.783618756385184
2023-07-17 00:00:00+00:00,12.831476612503302,12.753868222585684,12.092843543787101
2023-07-18 00:00:00+00:00,13.508794370298327,13.466664712817323,12.773817110542751
2023-07-19 00:00:00+00:00,13.64049784990038,13.581691681428776,12.910401918964421
2023-07-20 00:00:00+00:00,12.743600162356783,12.688531937684155,12.015999373741849
2023-07-21 00:00:00+00:00,12.653033668566515,12.562328563760028,11.933702305902738
2023-07-24 00:00:00+00:00,12.995043418010678,12.951621307906414,12.279467743542604
2023-07-25 00:00:00+00:00,13.197850571250825,13.143374622214154,12.486771757586169
2023-07-26 00:00:00+00:00,13.059840332300276,13.03890389553748,12.355528279168858
2023-07-27 00:00:00+00:00,12.209933627060021,12.158544296695517,11.510533168175652
2023-07-28 00:00:00+00:00,13.186607876122359,13.11469984598681,12.477973273515452
2023-07-31 00:00:00+00:00,13.209660913517208,13.18388467896996,12.505073960951062
2023-08-01 00:00:00+00:00,12.764982937659376,12.714810946645194,12.06790385901706
2023-08-02 00:00:00+00:00,11.083586280048685,11.025459937255079,10.402923241026784
2023-08-03 00:00:00+00:00,10.67420281038296,10.577018793305214,9.99800681001879
2023-08-04 00:00:00+00:00,9.981039875480867,9.962591634585838,9.308166269496688
2023-08-07 00:00:00+00:00,10.860845113850859,10.807787805776004,10.18719416810927
2023-08-08 00:00:00+00:00,10.278660258640793,10.211216625413954,9.614906112443332
2023-08-09 00:00:00+00:00,9.397945984613232,9.360628333084131,8.7371375701238
2023-08-10 00:00:00+00:00,9.33669252926379,9.297822801943934,8.66970318873619
2023-08-11 00:00:00+00:00,9.139470321521825,9.138685006676607,8.465534871651625
2023-08-14 00:00:00+00:00,9.682154350144124,9.650076754404303,9.00575241608359
2023-08-15 00:00:00+00:00,8.34474842894637,8.286032421910928,7.66726648491165
2023-08-16 00:00:00+00:00,7.458145959855411,7.407070938030125,6.776467055196167
2023-08-17 00:00:00+00:00,6.582054230835777,6.521059160200116,5.892669867269995
2023-08-18 00:00:00+00:00,6.501673422775456,6.500913612395909,5.813118300408693
2023-08-21 00:00:00+00:00,7.158330758084319,7.116154475746317,6.470941974398636
2023-08-22 00:00:00+00:00,6.7737740605304575,6.737809242559467,6.094623926451548
2023-08-23 00:00:00+00:00,7.854465431121982,7.82617882947545,7.173633358213527
2023-08-24 00:00:00+00:00,6.32092175299841,6.247684070322612,5.65398042237415
2023-08-25 00:00:00+00:00,6.963251276830995,6.912746212387799,6.286919964875937
2023-08-28 00:00:00+00:00,7.548842341198725,7.5053563292164505,6.874746751226124
2023-08-29 00:00:00+00:00,9.00668450588027,8.954112381838296,8.327510885616206
2023-08-30 00:00:00+00:00,9.361535977434565,9.321914806565879,8.669660200745643
2023-08-31 00:00:00+00:00,9.13675766590487,9.087061323086587,8.428954336919725
2023-09-01 00:00:00+00:00,9.257552032449091,9.210084794384453,8.551113640456553
2023-09-05 00:00:00+00:00,8.730371809939918,8.665040992862805,8.030247386092636
2023-09-06 00:00:00+00:00,7.902141775707472,7.862109408645224,7.211851760880128
2023-09-07 00:00:00+00:00,7.49791910625357,7.459062763833391,6.802872933997617
2023-09-08 00:00:00+00:00,7.588086406128802,7.55043154351176,6.892126440720725
2023-09-11 00:00:00+00:00,8.23448625673755,8.181240656654886,7.541500615068419
2023-09-12 00:00:00+00:00,7.555789157609172,7.521779599188516,6.8702655930305445
2023-09-13 00:00:00+00:00,7.6261711843819135,7.58369055846424,6.946581874532698
2023-09-14 00:00:00+00:00,8.493956402920166,8.442251793378963,7.786337039234925
2023-09-15 00:00:00+00:00,7.1094412287840525,7.0663847543042335,6.413780920855405
2023-09-18 00:00:00+00:00,7.117530018013962,7.058665598149916,6.427436609771675
2023-09-19 00:00:00+00:00,6.833282249199746,6.783391581953979,6.152361365880732
2023-09-20 00:00:00+00:00,5.788550797604186,5.753767994085046,5.114201193787604
2023-09-21 00:00:00+00:00,4.018032886515943,3.9672448935816673,3.3583564645050634
2023-09-22 00:00:00+00:00,3.7342097478085368,3.687216962777229,3.081567695677334
2023-09-25 00:00:00+00:00,4.097028894596044,4.06744583353007,3.4473755688576135
2023-09-26 00:00:00+00:00,2.5217307787284815,2.4906776596264946,1.881866320055714
2023-09-27 00:00:00+00:00,2.5027183697822197,2.4872504527772676,1.8674654627096166
2023-09-28 00:00:00+00:00,3.068793731624697,3.030197652531186,2.423202892360332
2023-09-29 00:00:00+00:00,2.7498812512994686,2.7372828077288247,2.1094988361391342
2023-10-02 00:00:00+00:00,2.7188589189329537,2.657477916330442,2.0849389177365563
2023-10-03 00:00:00+00:00,1.280457851252037,1.248770408470845,0.6538267096615646
2023-10-04 00:00:00+00:00,2.051014204436452,1.9358113755638007,1.4256913685459116
2023-10-05 00:00:00+00:00,1.8807414495369823,1.8418575695477113,1.2445592559433116
2023-10-06 00:00:00+00:00,3.0343126911304363,2.984664870274778,2.381011393697996
2023-10-09 00:00:00+00:00,3.6138918126153774,3.5745638131081003,2.963521865693508
2023-10-10 00:00:00+00:00,4.089634214797955,4.048138725216632,3.440823012200611
2023-10-11 00:00:00+00:00,4.466133652717219,4.399641683844924,3.8165724140199586
2023-10-12 00:00:00+00:00,3.7560742349700194,3.6950008651512656,3.106364006781215
2023-10-13 00:00:00+00:00,3.1682025256545066,3.111579948028864,2.528306209331066
2023-10-16 00:00:00+00:00,4.184930679015042,4.117459172732607,3.5421154962874235
2023-10-17 00:00:00+00:00,4.103311923463981,4.042129340078127,3.4677754782471704
2023-10-18 00:00:00+00:00,2.644315106601569,2.592137719844767,2.023985136156714
2023-10-19 00:00:00+00:00,1.7213508141001643,1.63039267217715,1.1042782171600818
2023-10-20 00:00:00+00:00,0.3941456345125438,0.3317628054838373,-0.21191754460689882
2023-10-23 00:00:00+00:00,0.17063659951743748,0.10391714212647507,-0.428212798351979
2023-10-24 00:00:00+00:00,0.8523284681630328,0.8108822431860618,0.2535220183911058
2023-10-25 00:00:00+00:00,-0.6338529175175966,-0.6760999889820818,-1.218427647050535
2023-10-26 00:00:00+00:00,-1.8391950288280334,-1.8961099916881552,-2.412357039708224
2023-10-27 00:00:00+00:00,-2.331432215052065,-2.3634093265606393,-2.897726674972634
2023-10-30 00:00:00+00:00,-1.1770392082289693,-1.2230908421554498,-1.7528022233581297
2023-10-31 00:00:00+00:00,-0.5592821825328498,-0.6311848794313568,-1.1393490542621065
2023-11-01 00:00:00+00:00,0.4504600379367396,0.3936729058210853,-0.12978107871290945
2023-11-02 00:00:00+00:00,2.2982322146472,2.2647361485566453,1.7070180891628706
2023-11-03 00:00:00+00:00,3.201905984507758,3.1361456150401423,2.606898280998715
2023-11-06 00:00:00+00:00,3.3317219578285595,3.319275732147231,2.7391941569499423
2023-11-07 00:00:00+00:00,3.5769120457451953,3.563343376062522,2.9875363817375655
2023-11-08 00:00:00+00:00,3.6350913606971735,3.588323242281599,3.0466943792802015
2023-11-09 00:00:00+00:00,2.7708798195466455,2.734369575456519,2.17390802403461
2023-11-10 00:00:00+00:00,4.341327615638502,4.287733267661098,3.7262524144667575
2023-11-13 00:00:00+00:00,4.212097914607393,4.140310053391905,3.598058828928319
2023-11-14 00:00:00+00:00,6.155397989490474,6.094785703672478,5.514981732596591
2023-11-15 00:00:00+00:00,6.284230244654498,6.259514679389144,5.630649377741803
2023-11-16 00:00:00+00:00,6.380379001515157,6.334284975959892,5.708160082851754
2023-11-17 00:00:00+00:00,6.470013048144185,6.4180515146018635,5.802221059160884
2023-11-20 00:00:00+00:00,7.208775854496818,7.17847032752521,6.532828489871134
2023-11-21 00:00:00+00:00,6.933869132593551,6.884441831034849,6.264368758377481
2023-11-22 00:00:00+00:00,7.317008603770958,7.240974360701813,6.646899554299024
2023-11-24 00:00:00+00:00,7.3206718824807115,7.244845988743798,6.655452010396901
2023-11-27 00:00:00+00:00,7.046874998879149,6.986350267840047,6.388678604330966
2023-11-28 00:00:00+00:00,7.0869550160770345,7.027565067967312,6.435166664483649
2023-11-29 00:00:00+00:00,6.945396691294592,6.894054095913016,6.283131366000072
2023-11-30 00:00:00+00:00,7.320950312829,7.2540574209527975,6.631561177513889
2023-12-01 00:00:00+00:00,7.896906143702331,7.825640069365547,7.201951926364192
2023-12-04 00:00:00+00:00,7.246571102891797,7.193036826136523,6.5625558780310955
2023-12-05 00:00:00+00:00,7.122165968068428,7.1042710184284985,6.441361175768456
2023-12-06 00:00:00+00:00,6.631153459759531,6.597589276107962,5.957423873234258
2023-12-07 00:00:00+00:00,7.416470970494471,7.330390640324058,6.727818251426965
2023-12-08 00:00:00+00:00,7.77755581903099,7.711155154178484,7.091137432343642
2023-12-11 00:00:00+00:00,8.111951703255581,8.041657992521035,7.429909459000572
2023-12-12 00:00:00+00:00,8.52309396055928,8.445408097840556,7.841126125166653
2023-12-13 00:00:00+00:00,9.905391145504371,9.840019815635292,9.219770903194124
2023-12-14 00:00:00+00:00,10.116326404040654,10.087687615266594,9.411376111888426
2023-12-15 00:00:00+00:00,10.012776071034345,9.80680217524803,9.309546359746301
2023-12-18 00:00:00+00:00,10.416121444892813,10.329181770920703,9.716236458807547
2023-12-19 00:00:00+00:00,10.972935311589648,10.901021500443363,10.268008862484423
2023-12-20 00:00:00+00:00,9.259227051996133,9.267308700706511,8.559435392140347
2023-12-21 00:00:00+00:00,10.281594397907101,10.20082754130045,9.582207160303913
2023-12-22 00:00:00+00:00,10.351217006621738,10.309226403662608,9.658262389254425
2023-12-26 00:00:00+00:00,10.69522286010589,10.651937667111365,10.006461800567855
2023-12-27 00:00:00+00:00,10.737367509411078,10.727163228469339,10.046455960536548
2023-12-28 00:00:00+00:00,10.67369279418553,10.652229411941772,9.977841114200192
2023-12-29 00:00:00+00:00,10.248137886946918,10.214397550354803,9.556424374339855
2024-01-02 00:00:00+00:00,9.522203695680243,9.492910322228742,8.838457932312082
2024-01-03 00:00:00+00:00,8.543858190754094,8.494191006069007,7.868424157537146
2024-01-04 00:00:00+00:00,8.087852547355556,8.047255157113442,7.4078508742257965
2024-01-05 00:00:00+00:00,8.192458640614063,8.10340126385638,7.518431450233476
2024-01-08 00:00:00+00:00,9.61097788954155,9.536742724401105,8.932963980961773
2024-01-09 00:00:00+00:00,9.356598251155756,9.263237205112329,8.671600779979748
2024-01-10 00:00:00+00:00,9.869045800109454,9.773291705224052,9.185994119427532
2024-01-11 00:00:00+00:00,9.69185627915985,9.618475977571062,9.012854909358236
2024-01-12 00:00:00+00:00,9.67501322616695,9.586582772465135,8.993736336189118
2024-01-16 00:00:00+00:00,9.168608221896113,9.086367937584882,8.495807860414839
2024-01-17 00:00:00+00:00,8.465848343440552,8.388985384296044,7.801931375790239
2024-01-18 00:00:00+00:00,9.339240120737813,9.26296943302125,8.668146956106003
2024-01-19 00:00:00+00:00,10.59490289711107,10.52863765212102,9.91687894292208
2024-01-22 00:00:00+00:00,10.73609249255214,10.66173575924807,10.064355913832967
2024-01-23 00:00:00+00:00,10.957584199797687,10.880644272084394,10.289015295742466
2024-01-24 00:00:00+00:00,10.945777230622443,10.899397864655525,10.283108966239695
2024-01-25 00:00:00+00:00,11.42959525623679,11.396927765797216,10.764751535958217
2024-01-26 00:00:00+00:00,11.251667507635489,11.151026267281573,10.59468633424081
2024-01-29 00:00:00+00:00,11.981402269284281,11.919240153476052,11.325205372323953
2024-01-30 00:00:00+00:00,11.817828645960704,11.728249251500689,11.160558410546972
2024-01-31 00:00:00+00:00,9.925658613268794,9.811357877437853,9.282915869101526
2024-02-01 00:00:00+00:00,11.203241555645693,11.147603427201226,10.554156494784529
2024-02-02 00:00:00+00:00,12.287832206529758,12.20961148877615,11.634275131866211
2024-02-05 00:00:00+00:00,11.824847927429394,11.6957689384932,11.179915447657152
2024-02-06 00:00:00+00:00,11.975587130006836,11.910013051785295,11.333556347634733
2024-02-07 00:00:00+00:00,12.78364540870136,12.727805764703426,12.14254817846001
2024-02-08 00:00:00+00:00,12.74620101690993,12.662455004880568,12.098208014637567
2024-02-09 00:00:00+00:00,13.275916082391003,13.186046694098685,12.621300954781024
2024-02-12 00:00:00+00:00,13.040449642458519,13.00728903110433,12.392820171957354
2024-02-13 00:00:00+00:00,11.398920991515894,11.342476956348069,10.754572386030237
2024-02-14 00:00:00+00:00,12.375416353077417,12.243891761392423,11.711769169353992
2024-02-15 00:00:00+00:00,12.93889812011959,12.902492002300491,12.254006750334877
2024-02-16 00:00:00+00:00,12.29582864526504,12.222543889348714,11.604456886877813
2024-02-20 00:00:00+00:00,11.508126270300645,11.487839775078434,10.824925950108577
2024-02-21 00:00:00+00:00,11.53246572693094,11.467976835806603,10.851380029888658
2024-02-22 00:00:00+00:00,13.76639026007589,13.648101936026968,13.073271654489638
2024-02-23 00:00:00+00:00,13.680792772784912,13.599613518425802,12.993229519640504
2024-02-26 00:00:00+00:00,13.12775581334893,13.057535993618185,12.446709316022808
2024-02-27 00:00:00+00:00,13.197012026281985,13.142798201971262,12.521211735509862
2024-02-28 00:00:00+00:00,12.895097343828743,12.868879657622134,12.217875615956753
2024-02-29 00:00:00+00:00,13.380447224308156,13.14712360525585,12.683430743950218
2024-03-01 00:00:00+00:00,14.161240366607597,14.076679448157915,13.460244242147157
2024-03-04 00:00:00+00:00,13.893267457616787,13.819324668996845,13.197218353418894
2024-03-05 00:00:00+00:00,12.613589787481082,12.561000891689456,11.929812135042361
2024-03-06 00:00:00+00:00,13.080604416660325,13.011959248116046,12.392956084706608
2024-03-07 00:00:00+00:00,14.132859399400232,14.006262812119896,13.43051894268601
2024-03-08 00:00:00+00:00,13.272538731843975,13.199629937166325,12.57472233923622
2024-03-11 00:00:00+00:00,13.017769470209162,12.975031940466387,12.328396814405274
2024-03-12 00:00:00+00:00,14.147341953210146,14.051361684980424,13.454696671314892
2024-03-13 00:00:00+00:00,13.79866464770243,13.739605133202982,13.110627007058984
2024-03-14 00:00:00+00:00,13.375202723033276,13.390218710044977,12.66929495566842
2024-03-15 00:00:00+00:00,12.524494086789062,12.492782943345503,11.827371506756235
2024-03-18 00:00:00+00:00,13.109613224737227,13.035424351828784,12.414804896557353
2024-03-19 00:00:00+00:00,13.622649770605367,13.538567649496569,12.931824779488554
2024-03-20 00:00:00+00:00,14.524437629201504,14.464399814839801,13.820448068771295
2024-03-21 00:00:00+00:00,14.769399427621387,14.715034410505057,14.068588861772358
2024-03-22 00:00:00+00:00,14.488457057498794,14.372818870027837,13.790974747956476
2024-03-25 00:00:00+00:00,14.01353770414191,13.932680271365626,13.326238605303264
2024-03-26 00:00:00+00:00,13.575092266247824,13.60297051678474,12.897431893589783
2024-03-27 00:00:00+00:00,14.443791998021037,14.433129024196155,13.754621534034284
2024-03-28 00:00:00+00:00,14.45414769533151,14.291918432350537,13.768764836847435
2024-04-01 00:00:00+00:00,14.108716100904338,13.978855358815402,13.432258221064664
2024-04-02 00:00:00+00:00,13.17667643125986,13.145607419808947,12.509721277720187
2024-04-03 00:00:00+00:00,13.202344585170135,13.167327890260783,12.536940745532267
2024-04-04 00:00:00+00:00,11.724159285573311,11.690759074265156,11.060422792203916
2024-04-05 00:00:00+00:00,12.858208657453885,12.752163854681964,12.194380232587942
2024-04-08 00:00:00+00:00,12.70924734403649,12.70690273999191,12.051292717214368
2024-04-09 00:00:00+00:00,12.780735343207583,12.730202063010875,12.113289290352402
2024-04-10 00:00:00+00:00,11.611761472618376,11.497934575147761,10.95605886573634
2024-04-11 00:00:00+00:00,12.33340100263407,12.228475692666073,11.677626775477922
2024-04-12 00:00:00+00:00,10.616470478231644,10.584373137616755,9.964652989519873
2024-04-15 00:00:00+00:00,9.201070702644554,9.113106344846834,8.562927425919487
2024-04-16 00:00:00+00:00,8.893455737509036,8.831631324149614,8.263625800042584
2024-04-17 00:00:00+00:00,8.190937041949198,8.115136238684961,7.571878537028098
2024-04-18 00:00:00+00:00,7.888087346482409,7.822279405271471,7.2705218382785874
2024-04-19 00:00:00+00:00,6.882318835276813,6.815770335783022,6.271793582412033
2024-04-22 00:00:00+00:00,7.740032457182089,7.72423944098255,7.1310317020204295
2024-04-23 00:00:00+00:00,8.946643170466118,8.9183301981951,8.33502785805953
2024-04-24 00:00:00+00:00,8.886841659634403,8.784122508654434,8.281516114635345
2024-04-25 00:00:00+00:00,8.313710078632974,8.29427423617608,7.715926515131044
2024-04-26 00:00:00+00:00,9.341485025635166,9.241559727650795,8.742782806535597
2024-04-29 00:00:00+00:00,9.617206852068549,9.55160014974128,9.017968355433158
2024-04-30 00:00:00+00:00,7.829481124839699,7.749658019499495,7.2424716671750655
2024-05-01 00:00:00+00:00,7.396688213063207,7.337238138806135,6.81767615773341
2024-05-02 00:00:00+00:00,8.31352220583823,8.276556528098912,7.734368607756625
2024-05-03 00:00:00+00:00,9.606822070703046,9.547142319842127,9.02198052455101
2024-05-06 00:00:00+00:00,10.65898272530157,10.596438126584129,10.072180275226161
2024-05-07 00:00:00+00:00,10.730118933986187,10.635861865704666,10.143840080268474
2024-05-08 00:00:00+00:00,10.648567028334565,10.566361776280942,10.069229060277696
2024-05-09 00:00:00+00:00,11.150275678049848,11.120790535549574,10.553747852646111
2024-05-10 00:00:00+00:00,11.266722995046564,11.180609287715537,10.659144709218804
2024-05-13 00:00:00+00:00,11.154028524717274,11.108703503105822,10.552330851932211
2024-05-14 00:00:00+00:00,11.622845237465551,11.533758562052142,11.009076903983983
2024-05-15 00:00:00+00:00,12.85851199397574,12.822494101895376,12.224267677308266
2024-05-16 00:00:00+00:00,12.553756310630604,12.49805434235618,11.905438162957505
2024-05-17 00:00:00+00:00,12.588428028213738,12.559074554785843,11.94238442790767
2024-05-20 00:00:00+00:00,12.598077100879014,12.585858804836182,11.949707870815596
2024-05-21 00:00:00+00:00,12.775124244830693,12.755041735399363,12.130068578148268
2024-05-22 00:00:00+00:00,12.37080121387013,12.330375154266026,11.733800445863851
2024-05-23 00:00:00+00:00,11.448350606307045,11.413096456297623,10.819468499368678
2024-05-24 00:00:00+00:00,12.125407788404496,12.045292286737318,11.497157260291058
2024-05-28 00:00:00+00:00,12.047855386992069,12.018549834076886,11.426859699765778
2024-05-29 00:00:00+00:00,11.123132200137963,11.134044392049036,10.512805512693335
2024-05-30 00:00:00+00:00,10.377314086517075,10.304490750485318,9.766607457964804
2024-05-31 00:00:00+00:00,11.169042705141319,11.204506727025132,10.55049351067665
2024-06-03 00:00:00+00:00,11.197099270923028,11.186365453836977,10.572071673127258
2024-06-04 00:00:00+00:00,11.25631971590899,11.197361684507555,10.631622165282216
2024-06-05 00:00:00+00:00,12.453641275380845,12.397365670358562,11.827275425670436
2024-06-06 00:00:00+00:00,12.314052549255528,12.277295791057231,11.693745713524706
2024-06-07 00:00:00+00:00,12.090227633763106,12.022556520528237,11.457616447074193
2024-06-10 00:00:00+00:00,12.273821625752035,12.254083450786645,11.637670518904542
2024-06-11 00:00:00+00:00,12.455217526918938,12.401109396835963,11.823930621824541
2024-06-12 00:00:00+00:00,13.287473632105584,13.198621895563267,12.65586934791234
2024-06-13 00:00:00+00:00,13.429694860801922,13.302867483805736,12.802748966591903
2024-06-14 00:00:00+00:00,13.295986514723857,13.255446253942527,12.649113110175891
2024-06-17 00:00:00+00:00,14.057872285844276,14.036803474946291,13.399802834216846
2024-06-18 00:00:00+00:00,14.225983485050953,14.204065807646327,13.570494791859344
2024-06-20 00:00:00+00:00,13.818487947195845,13.774656956711606,13.171491706052585
2024-06-21 00:00:00+00:00,13.526039218112151,13.501972775705795,12.88175652439769
2024-06-24 00:00:00+00:00,13.063832039051636,13.012070406716504,12.421685474373811
2024-06-25 00:00:00+00:00,13.382483291389313,13.322076872649259,12.745463588808924
2024-06-26 00:00:00+00:00,13.434924773339185,13.338392757964467,12.804106519742998
2024-06-27 00:00:00+00:00,13.41603548757211,13.394439093604426,12.790856359294267
2024-06-28 00:00:00+00:00,12.84409961815902,12.82602187853994,12.21500003963576
2024-07-01 00:00:00+00:00,13.025676786437934,12.935297399476386,12.398862913020391
2024-07-02 00:00:00+00:00,13.60257280864381,13.572018265474828,12.978788355283989
2024-07-03 00:00:00+00:00,14.049632693408597,13.94606473884763,13.42683091849015
2024-07-05 00:00:00+00:00,14.551618277533063,14.46642738271886,13.914927035780767
2024-07-08 00:00:00+00:00,14.532540092931612,14.460175760581784,13.899194273612615
2024-07-09 00:00:00+00:00,14.475926440805619,14.427952666205845,13.846926144905414
2024-07-10 00:00:00+00:00,15.497647609479625,15.400610639212786,14.856222799591468
2024-07-11 00:00:00+00:00,14.335684833360274,14.252290737499894,13.703179897329875
2024-07-12 00:00:00+00:00,14.810346422190769,14.817099966674396,14.181940160999297
2024-07-15 00:00:00+00:00,14.98088552786836,14.967803471105935,14.34680208077479
2024-07-16 00:00:00+00:00,15.545397648423553,15.480278836214412,14.914918277281597
2024-07-17 00:00:00+00:00,13.7821403081124,13.70671998466937,13.16659166428149
2024-07-18 00:00:00+00:00,12.743387711247657,12.68382594634252,12.139361729707598
2024-07-19 00:00:00+00:00,11.801243184506305,11.791824376665305,11.201845604788318
2024-07-22 00:00:00+00:00,12.853907297724621,12.78660927106583,12.250590192004008
2024-07-23 00:00:00+00:00,12.524950875757778,12.457057435826746,11.929829446722739
2024-07-24 00:00:00+00:00,9.786203443321263,9.773514059969646,9.210158829970228
2024-07-25 00:00:00+00:00,9.096886534114468,9.076222559766833,8.529429180550174
2024-07-26 00:00:00+00:00,10.18371200513517,10.167715595616468,9.609310424524065
2024-07-29 00:00:00+00:00,10.146419719362921,10.104692656007174,9.57686748463271
2024-07-30 00:00:00+00:00,9.47812266255237,9.424997632238652,8.917627052574307
2024-07-31 00:00:00+00:00,11.07896316323027,11.067319610149994,10.507989888980163
2024-08-01 00:00:00+00:00,9.433808545373324,9.366627250636084,8.872862133779403
2024-08-02 00:00:00+00:00,7.31339280242389,7.220942311134504,6.767756679524095
2024-08-05 00:00:00+00:00,4.011774510325616,4.008441113323857,3.4840379587542936
2024-08-06 00:00:00+00:00,4.987511572019487,4.865768285417693,4.459077104629405
2024-08-07 00:00:00+00:00,4.077840774517449,4.063864268368955,3.556007039083897
2024-08-08 00:00:00+00:00,6.355159550149114,6.348143556914776,5.8267953575977804
2024-08-09 00:00:00+00:00,6.739473428288445,6.692130589298295,6.20211083841844
2024-08-12 00:00:00+00:00,6.6366404532777645,6.62653296884288,6.09107142770946
2024-08-13 00:00:00+00:00,8.294205895569595,8.240688761319959,7.7450220656555935
2024-08-14 00:00:00+00:00,8.563821404814309,8.435514942477074,8.01588292245321
2024-08-15 00:00:00+00:00,10.185451300896919,10.133109020174281,9.603810202447715
2024-08-16 00:00:00+00:00,10.262765428828091,10.223071288461227,9.671466266354866
2024-08-19 00:00:00+00:00,11.184978365525078,11.115965694078799,10.583299262831659
2024-08-20 00:00:00+00:00,10.812833453444748,10.780886876896334,10.216140747693858
2024-08-21 00:00:00+00:00,11.138476082576076,11.013775474088172,10.541599380961708
2024-08-22 00:00:00+00:00,10.010247282652962,10.005238107413405,9.423711385333133
2024-08-23 00:00:00+00:00,11.13006095373541,11.03031954384246,10.542530595012956
2024-08-26 00:00:00+00:00,10.641248089971644,10.625391503535608,10.060204605925493
2024-08-27 00:00:00+00:00,10.685383779500013,10.636715783064975,10.101687157920548
2024-08-28 00:00:00+00:00,9.884308724478629,9.854925118967085,9.310569125524903
2024-08-29 00:00:00+00:00,9.753211770353797,9.732717434136774,9.180699198870702
2024-08-30 00:00:00+00:00,10.736344462617776,10.641039578503285,10.14966551640708
2024-09-03 00:00:00+00:00,8.290024721679101,8.2494556494219,7.711367616984388
2024-09-04 00:00:00+00:00,8.007777386740166,7.915832575432424,7.432309930831882
2024-09-05 00:00:00+00:00,7.575687805812126,7.543789725573302,7.004453544305389
2024-09-06 00:00:00+00:00,5.634539190114496,5.636457329980793,5.066174452572136
2024-09-09 00:00:00+00:00,6.767263176410454,6.718159246135391,6.187578822566064
2024-09-10 00:00:00+00:00,7.142244880011384,7.078217667666853,6.563519251705419
2024-09-11 00:00:00+00:00,8.17546066466801,8.066982878485529,7.5959621655107945
2024-09-12 00:00:00+00:00,8.872573667120086,8.862161218978514,8.293711567927641
2024-09-13 00:00:00+00:00,9.359435826940587,9.3113072209422,8.766130588994049
2024-09-16 00:00:00+00:00,9.398664240757482,9.35298822087347,8.789426251762244
2024-09-17 00:00:00+00:00,9.30946032166171,9.277550744840624,8.704421113271877
2024-09-18 00:00:00+00:00,8.878321053123228,8.837596849819374,8.279844317447637
2024-09-19 00:00:00+00:00,10.607441758234536,10.569829925908714,9.999480090326163
2024-09-20 00:00:00+00:00,10.267347209741251,10.252736878290115,9.666386850980668
2024-09-23 00:00:00+00:00,10.449813457261614,10.40061607053675,9.852848809433157
2024-09-24 00:00:00+00:00,10.59590677704858,10.585140135864822,10.003653568259786
2024-09-25 00:00:00+00:00,10.264426885305621,10.215435871975131,9.679301584717503
2024-09-26 00:00:00+00:00,10.589382712836937,10.526061648643402,10.001975227278948
2024-09-27 00:00:00+00:00,10.330407371069338,10.242663554363563,9.746898313947838
2024-09-30 00:00:00+00:00,10.682979710663275,10.560884345518318,10.094059821509704
2024-10-01 00:00:00+00:00,9.543207609129345,9.460320035840986,8.963269273109153
2024-10-02 00:00:00+00:00,9.455539034086357,9.397922480890376,8.875483210726642
2024-10-03 00:00:00+00:00,9.163886023264944,9.090000774003858,8.59087535518488
2024-10-04 00:00:00+00:00,10.054144098385919,9.969980936729606,9.459599758607308
2024-10-07 00:00:00+00:00,8.898402544808203,8.874043741040595,8.314706301428942
2024-10-08 00:00:00+00:00,9.838040475049791,9.788705385763619,9.254842168561828
2024-10-09 00:00:00+00:00,10.506803251702967,10.434007906619037,9.922877256377305
2024-10-10 00:00:00+00:00,10.181447237828634,10.128115000809835,9.588689809672978
2024-10-11 00:00:00+00:00,10.733775690724467,10.672946148608741,10.14328322314162
2024-10-14 00:00:00+00:00,11.467191033685875,11.458590216284371,10.879003198013205
2024-10-15 00:00:00+00:00,10.514364574267399,10.479292793262672,9.927952669894813
2024-10-16 00:00:00+00:00,10.914378777308432,10.841789425324855,10.330465802113341
2024-10-17 00:00:00+00:00,10.77553032501366,10.731056141066265,10.197268687271176
2024-10-18 00:00:00+00:00,11.094164764413893,11.030120493279917,10.514018703627737
2024-10-21 00:00:00+00:00,10.768330688815041,10.720860198320171,10.191592565872565
2024-10-22 00:00:00+00:00,10.59013615381117,10.536465647023952,10.019778436523419
2024-10-23 00:00:00+00:00,9.46319138678746,9.414668546161042,8.902697736715215
2024-10-24 00:00:00+00:00,9.583737717480801,9.537477432335773,9.028510568650372
2024-10-25 00:00:00+00:00,9.440718084672707,9.389057588146276,8.891168463375788
2024-10-28 00:00:00+00:00,9.6192384057034,9.614452633704772,9.073216338065638
2024-10-29 00:00:00+00:00,9.682612232319855,9.678482520635722,9.142046605485387
2024-10-30 00:00:00+00:00,9.208551945115516,9.23390209360897,8.675330198371567
2024-10-31 00:00:00+00:00,7.081710038878364,6.991055409094993,6.556140611142691
2024-11-01 00:00:00+00:00,7.423795574738579,7.342630533181449,6.8976053058306785
2024-11-04 00:00:00+00:00,7.034159502762183,7.018999469944331,6.510260146939406
2024-11-05 00:00:00+00:00,8.248397807120767,8.213714388098703,7.723050612559934
2024-11-06 00:00:00+00:00,10.871284356288369,10.789423721566704,10.338611456438018
2024-11-07 00:00:00+00:00,11.577181499095657,11.526116723819424,11.044434179921536
2024-11-08 00:00:00+00:00,11.899535733313304,11.88903425190453,11.34761480271238
2024-11-11 00:00:00+00:00,11.886553458941762,11.874389036206434,11.340716033098563
2024-11-12 00:00:00+00:00,11.454246946919323,11.41214889270399,10.909994080350472
2024-11-13 00:00:00+00:00,11.369524313114443,11.351038068125163,10.826840284797123
2024-11-14 00:00:00+00:00,10.589931154110378,10.516568302386208,10.043940561091258
2024-11-15 00:00:00+00:00,9.041263707673398,8.998347308342435,8.49420286613871
2024-11-18 00:00:00+00:00,9.384668976655753,9.344828202659894,8.825239050602063
2024-11-19 00:00:00+00:00,9.714849723363383,9.640233687694888,9.158400203830986
2024-11-20 00:00:00+00:00,9.617246379122847,9.574465176541613,9.063928328629345
2024-11-21 00:00:00+00:00,10.116312040080766,10.060343743832401,9.550098454455203
2024-11-22 00:00:00+00:00,10.397953246789292,10.297347936435175,9.831771229367403
2024-11-25 00:00:00+00:00,10.628069330571744,10.568051189485006,10.066232066703407
2024-11-26 00:00:00+00:00,11.160314443232465,11.038166210225864,10.59439979276049
2024-11-27 00:00:00+00:00,10.63208071679309,10.589931728449686,10.068321268800373
2024-11-29 00:00:00+00:00,11.152005609764547,11.165408995196092,10.580888699276114
2024-12-02 00:00:00+00:00,11.327340726012514,11.255542152568431,10.748365298236795
2024-12-03 00:00:00+00:00,11.267358796211235,11.195400419471913,10.692509277410057
2024-12-04 00:00:00+00:00,11.823179629169388,11.766981735433667,11.249286497672628
2024-12-05 00:00:00+00:00,11.503489160522772,11.4660881444141,10.930435840712448
2024-12-06 00:00:00+00:00,11.68593199101684,11.56973534841368,11.105490604828772
2024-12-09 00:00:00+00:00,10.911633808453324,10.89180270702148,10.325818152327981
2024-12-10 00:00:00+00:00,10.481905092541766,10.444210460919411,9.902133014757819
2024-12-11 00:00:00+00:00,11.277578404008072,11.190769944013601,10.698167986253226
2024-12-12 00:00:00+00:00,10.570303988351748,10.513885563500281,10.00062812309972
2024-12-13 00:00:00+00:00,10.479407132355668,10.390115296033443,9.902338726965333
2024-12-16 00:00:00+00:00,10.813562518814535,10.76157053182154,10.226104309631822
2024-12-17 00:00:00+00:00,10.289568425656693,10.207907581189968,9.708644656329524
2024-12-18 00:00:00+00:00,6.9562452587179635,6.8416262603743005,6.396483915950268
2024-12-19 00:00:00+00:00,6.784514175861012,6.72993290741426,6.231074085591537
2024-12-20 00:00:00+00:00,7.869096772689899,7.930175382699689,7.31056833123882
2024-12-23 00:00:00+00:00,8.572407319449148,8.48790699980464,8.009475650655906
2024-12-24 00:00:00+00:00,9.673938735131582,9.597281608980058,9.111246936509287
2024-12-26 00:00:00+00:00,9.547039161139793,9.51364630913034,8.98210150521721
2024-12-27 00:00:00+00:00,8.260790138573814,8.276488798798365,7.698925451530547
2024-12-30 00:00:00+00:00,7.024357765359723,6.963224335067109,6.473692285635568
2024-12-31 00:00:00+00:00,6.496397361964612,6.495518482523921,5.944472852042049
2025-01-02 00:00:00+00:00,6.189133414456616,6.159874783977637,5.6404435508640605
2025-01-03 00:00:00+00:00,7.455477967765134,7.408057523312217,6.897589867621434
2025-01-06 00:00:00+00:00,7.980180220814459,7.948573658923475,7.417058951302158
2025-01-07 00:00:00+00:00,6.712612970733622,6.65924058682188,6.160616178619449
2025-01-08 00:00:00+00:00,6.810276066235699,6.744192310846309,6.260968244169485
2025-01-10 00:00:00+00:00,5.121940208706488,5.0519910260359735,4.566157345426314
2025-01-13 00:00:00+00:00,5.222298619594556,5.150599132230149,4.671480184826682
2025-01-14 00:00:00+00:00,5.281543335022176,5.234323987602529,4.735634673821432
2025-01-15 00:00:00+00:00,7.14745103631762,7.076215372459926,6.587189667214499
2025-01-16 00:00:00+00:00,6.850950598013972,6.798437032637383,6.2959694280209755
2025-01-17 00:00:00+00:00,7.838549885735491,7.789251756502158,7.28203077746663
2025-01-21 00:00:00+00:00,8.699569598705503,8.689013172369076,8.141664807162785
2025-01-22 00:00:00+00:00,9.27105806331696,9.20329630316079,8.714170430173374
2025-01-23 00:00:00+00:00,9.757911815811116,9.70419334773851,9.202644651210656
2025-01-24 00:00:00+00:00,9.36135722657303,9.291316409166583,8.80358488435322
2025-01-27 00:00:00+00:00,7.685013176992017,7.663041282272087,7.140498793234551
2025-01-28 00:00:00+00:00,8.584257344413636,8.495222648342061,8.040787021409624
2025-01-29 00:00:00+00:00,7.990336677332155,7.922865773194099,7.454891676556019
2025-01-30 00:00:00+00:00,8.464669985178785,8.405787067463443,7.930758460798626
2025-01-31 00:00:00+00:00,7.824795760208381,7.7302230424918905,7.292710885080145
2025-02-03 00:00:00+00:00,6.915914261635314,6.910446301015982,6.387251031735031
2025-02-04 00:00:00+00:00,7.586534231630759,7.5256693583028555,7.059397093546482
2025-02-05 00:00:00+00:00,7.902086446683176,7.856136667173885,7.3778657308045
2025-02-06 00:00:00+00:00,8.182822933740752,8.119126996533454,7.66272729987576
2025-02-07 00:00:00+00:00,7.06450614954901,7.028455240269671,6.547992784899392
2025-02-10 00:00:00+00:00,7.698357985331872,7.655535383025147,7.168845147727154
2025-02-11 00:00:00+00:00,7.637169444777814,7.637070210891661,7.1109236627200145
2025-02-12 00:00:00+00:00,7.2549241400752695,7.190522107039254,6.724647223776525
2025-02-13 00:00:00+00:00,8.271714564011145,8.219961718591984,7.740955208612821
2025-02-14 00:00:00+00:00,8.188239073470104,8.114357027874576,7.638526191581341
2025-02-18 00:00:00+00:00,8.359113085558745,8.321955021879335,7.797912000476903
2025-02-19 00:00:00+00:00,8.5053192291483,8.46426839640153,7.9472863275806604
2025-02-20 00:00:00+00:00,7.943793004871513,7.907815802046936,7.38006457944429
2025-02-21 00:00:00+00:00,6.017590552965202,5.974512064554416,5.465769280123056
2025-02-24 00:00:00+00:00,5.41467143995249,5.412584628015216,4.867895672614431
2025-02-25 00:00:00+00:00,4.846956987388218,4.812441863947137,4.306981207075666
2025-02-26 00:00:00+00:00,4.787287362580539,4.789298603595693,4.251016615824077
2025-02-27 00:00:00+00:00,3.0619623753837644,3.0531926867532144,2.5390157999897855
2025-02-28 00:00:00+00:00,4.63637981589371,4.58922883366073,4.0980507872568905
2025-03-03 00:00:00+00:00,2.7429729658826396,2.6955048725848973,2.210130183378034
2025-03-04 00:00:00+00:00,1.4364143492877401,1.4276452180233656,0.9127522342645467
2025-03-05 00:00:00+00:00,2.5173919889034835,2.465205862136699,1.9912640665351145
2025-03-06 00:00:00+00:00,0.6496749577311611,0.6029265574723386,0.1353008747369211
2025-03-07 00:00:00+00:00,1.173998503398832,1.1210069314355309,0.647107079512943
2025-03-10 00:00:00+00:00,-1.5682596841950058,-1.6031658749606326,-2.0938216082787453
2025-03-11 00:00:00+00:00,-2.3384242175408243,-2.446517215665056,-2.855993106646504
2025-03-12 00:00:00+00:00,-1.8890741497150199,-1.958199618612777,-2.406128986121958
2025-03-13 00:00:00+00:00,-3.270119492641599,-3.291027478896824,-3.783075344002862
2025-03-14 00:00:00+00:00,-1.2270953332215284,-1.3266835844891967,-1.7655449267666379
2025-03-17 00:00:00+00:00,-0.6234635916608777,-0.6027692045224131,-1.1670328651023798
2025-03-18 00:00:00+00:00,-1.7134571601232884,-1.7115238709394576,-2.2495470557516883
2025-03-19 00:00:00+00:00,-0.6945894050168655,-0.6841696597933988,-1.2318027851636493
2025-03-20 00:00:00+00:00,-0.9377808707816349,-1.0087886572058502,-1.4806384766872127
2025-03-21 00:00:00+00:00,-0.8916660818452771,-1.0133451448563813,-1.4323323754297568
2025-03-24 00:00:00+00:00,0.8109013168040358,0.7131114603875277,0.26547087216184373
2025-03-25 00:00:00+00:00,0.9312421914157154,0.9131485914871895,0.3864453101199983
2025-03-26 00:00:00+00:00,-0.23116028894386575,-0.3271011138097357,-0.7645354117436498
2025-03-27 00:00:00+00:00,-0.5956848976600981,-0.6264570778253042,-1.1224498218512347
2025-03-28 00:00:00+00:00,-2.5780533243826453,-2.6504712684960907,-3.092543720458285
2025-03-31 00:00:00+00:00,-2.0534742177156784,-2.02202656010394,-2.575826284652327
2025-04-01 00:00:00+00:00,-1.7037732994581112,-1.768024483327757,-2.2254384801673965
2025-04-02 00:00:00+00:00,-1.065031051746912,-1.1713660042731,-1.5878535721158715
2025-04-03 00:00:00+00:00,-5.8503581122349875,-6.042330525375128,-6.347721102788051
2025-04-04 00:00:00+00:00,-11.436817798058696,-11.515825306527127,-11.91289916258793
2025-04-07 00:00:00+00:00,-11.613841815614068,-11.644635036688944,-12.08585669811767
2025-04-08 00:00:00+00:00,-12.96831117744227,-12.995270213195164,-13.429290520001725
2025-04-09 00:00:00+00:00,-4.689750398369419,-3.865865994718176,-5.191116084990988
2025-04-10 00:00:00+00:00,-7.961958023508142,-8.067830989125468,-8.457922194762556
2025-04-11 00:00:00+00:00,-6.290523661625058,-6.42276342352317,-6.793154975717075
2025-04-14 00:00:00+00:00,-5.5446659669248,-5.513876706190324,-6.04678120086064
2025-04-15 00:00:00+00:00,-5.696666799173055,-5.7755138519626765,-6.202082492027438
2025-04-16 00:00:00+00:00,-7.797204857995521,-7.8590857316457985,-8.289214038503868
2025-04-17 00:00:00+00:00,-7.662538382806572,-7.716445758089218,-8.152169745567239
2025-04-21 00:00:00+00:00,-9.808020506421622,-9.889369949068493,-10.289433985990936
2025-04-22 00:00:00+00:00,-7.524922836065673,-7.529454082592679,-8.016217420116256
2025-04-23 00:00:00+00:00,-5.971360108503021,-6.085036050200654,-6.468097758037173
2025-04-24 00:00:00+00:00,-4.0638785985124155,-4.105375429002911,-4.565911862771854
2025-04-25 00:00:00+00:00,-3.3567088483103302,-3.4125408433609006,-3.85793340394871
2025-04-28 00:00:00+00:00,-3.2890128840027955,-3.371301826806894,-3.787531810010858
2025-04-29 00:00:00+00:00,-2.7304157169849463,-2.7652152371280048,-3.2272711066160142
2025-04-30 00:00:00+00:00,-2.579697597147168,-2.726453079479174,-3.0801445389324833
2025-05-01 00:00:00+00:00,-1.9674829721784248,-2.0389917963982707,-2.4673382011723755
2025-05-02 00:00:00+00:00,-0.5274007777663181,-0.5911120036027562,-1.0326929554518527
2025-05-05 00:00:00+00:00,-1.1674769620820258,-1.171385785725998,-1.6695768587341897
2025-05-06 00:00:00+00:00,-1.9368657972781866,-2.0071480124909336,-2.431347155036878
2025-05-07 00:00:00+00:00,-1.5256562347045532,-1.60998999069496,-2.0180445932485025
2025-05-08 00:00:00+00:00,-0.9679646446403067,-0.9379779930863807,-1.4583039025677036
2025-05-09 00:00:00+00:00,-1.0350539641670542,-1.0778671044590182,-1.537336912870646
2025-05-12 00:00:00+00:00,2.156476117258288,2.149319521144899,1.631618702307014
2025-05-13 00:00:00+00:00,2.850726370152956,2.7757530112630935,2.3249061604409427
2025-05-14 00:00:00+00:00,2.916634946064822,2.863638361761378,2.3911529620490146
2025-05-15 00:00:00+00:00,3.321329033363174,3.32010812484842,2.7737833994931016
2025-05-16 00:00:00+00:00,4.005980768779938,3.9224604264926244,3.4468502819644087
2025-05-19 00:00:00+00:00,4.066651122956544,3.9913947358694912,3.4978331265885565
2025-05-20 00:00:00+00:00,3.6149684598521192,3.591997937037328,3.0520824878892627
2025-05-21 00:00:00+00:00,1.8968896200346475,1.79752099886612,1.345542827905688
2025-05-22 00:00:00+00:00,1.7904658056848266,1.7749806275865865,1.242903139263385
2025-05-23 00:00:00+00:00,1.0591140168784818,1.0257369819197004,0.5147184059908216
2025-05-27 00:00:00+00:00,3.065233600343986,3.0565934441963982,2.5070520492122883
2025-05-28 00:00:00+00:00,2.436334546610386,2.404984040460878,1.8857628398126325
2025-05-29 00:00:00+00:00,2.7928585133298434,2.753649537559766,2.2442041106692345
2025-05-30 00:00:00+00:00,2.7379403151763793,2.58413830104669,2.185777187020066
2025-06-02 00:00:00+00:00,3.1215384175448557,3.1119423483945585,2.5604937892943047
2025-06-03 00:00:00+00:00,3.6694788015069646,3.6481708667418733,3.109486192170663
2025-06-04 00:00:00+00:00,3.6376043341146858,3.5770791447356842,3.079024395244101
2025-06-05 00:00:00+00:00,3.0593095468722797,3.037158599342238,2.5009684480653105
2025-06-06 00:00:00+00:00,4.089986697069392,4.05477748971681,3.519722167235706
2025-06-09 00:00:00+00:00,4.152274359856567,4.106763788889567,3.5784330435566725
2025-06-10 00:00:00+00:00,4.683375054603656,4.653675667040735,4.108830583967982
2025-06-11 00:00:00+00:00,4.351251305143733,4.309613917094701,3.7827671312400835
2025-06-12 00:00:00+00:00,4.708508751550022,4.681600505198413,4.142618459959224
2025-06-13 00:00:00+00:00,3.5053882830315297,3.474051751063323,2.9342535655750623
2025-06-16 00:00:00+00:00,4.452146794438283,4.416558256145375,3.864651463511737
2025-06-17 00:00:00+00:00,3.5424642114108007,3.484430670530525,2.962541532703522
2025-06-18 00:00:00+00:00,3.473645878839582,3.429140304350753,2.8962664239363667
2025-06-20 00:00:00+00:00,3.2200684624497544,3.15262001189891,2.6438855058947164
2025-06-23 00:00:00+00:00,4.163460808294772,4.12193221284074,3.58572880499477
2025-06-24 00:00:00+00:00,5.266732433322585,5.215057237512077,4.686296533506695
2025-06-25 00:00:00+00:00,5.208396932850823,5.215376308639974,4.633024363110461
2025-06-26 00:00:00+00:00,5.9811303852811415,5.966792969551804,5.405880814894837
2025-06-27 00:00:00+00:00,6.472162818271143,6.42396087265924,5.892192933992191
2025-06-30 00:00:00+00:00,6.960256395141018,6.862689344730311,6.374339401460771
2025-07-01 00:00:00+00:00,6.778311372119705,6.763423576351002,6.196744652390995
2025-07-02 00:00:00+00:00,7.223960628834769,7.184198710954504,6.642949347208749
2025-07-03 00:00:00+00:00,8.068635912803446,7.9634531371588935,7.472119641027786
2025-07-07 00:00:00+00:00,7.160494340150936,7.099032095676705,6.572705221802488
2025-07-08 00:00:00+00:00,7.024568349112359,6.981119427334881,6.442610485727673
2025-07-09 00:00:00+00:00,7.609566333614204,7.558126099673346,7.028860497314371
2025-07-10 00:00:00+00:00,7.862120060882316,7.804000677225598,7.270832300690078
2025-07-11 00:00:00+00:00,7.449537728968214,7.368946747569538,6.866251799310308
2025-07-14 00:00:00+00:00,7.544694320257128,7.517904878396631,6.9664392197147595
2025-07-15 00:00:00+00:00,7.076702339061813,7.006767269993941,6.4968326453030745
2025-07-16 00:00:00+00:00,7.363243851369727,7.309633415845251,6.787637366330124
2025-07-17 00:00:00+00:00,7.884765394283533,7.909712080107734,7.31099581728063
2025-07-18 00:00:00+00:00,7.824452637887913,7.773809594140624,7.250238613065507
2025-07-21 00:00:00+00:00,7.9220773826100155,7.922272071678749,7.350642693906639
2025-07-22 00:00:00+00:00,7.932158312175042,7.877066386686327,7.364167477574979
2025-07-23 00:00:00+00:00,8.71073314699613,8.728971108968707,8.143137036053805
2025-07-24 00:00:00+00:00,8.720305356823289,8.69799467510639,8.157631683688127
2025-07-25 00:00:00+00:00,9.093201102432458,9.09228364169763,8.528680602955152
2025-07-28 00:00:00+00:00,9.042367700433406,8.995467987166283,8.483941839287468
2025-07-29 00:00:00+00:00,8.65723988848497,8.645317642542839,8.106017325433946
2025-07-30 00:00:00+00:00,8.463805028528327,8.450376578134255,7.918676676038672
2025-07-31 00:00:00+00:00,8.014682487330838,7.986986427872167,7.4689600808586
2025-08-01 00:00:00+00:00,6.248138964120109,6.173946530940411,5.712401105881093
2025-08-04 00:00:00+00:00,7.769371621724419,7.739675619542763,7.227584608812543
2025-08-05 00:00:00+00:00,7.19782217383087,7.144465212992146,6.66296806095481
2025-08-06 00:00:00+00:00,7.92688843827658,7.913703671420058,7.393980388243615
2025-08-07 00:00:00+00:00,7.791127415590471,7.772493723402651,7.263081979332786
2025-08-08 00:00:00+00:00,8.587805762670332,8.559194293536487,8.051736738727477
2025-08-11 00:00:00+00:00,8.273328365064735,8.291284235538864,7.733840689425353
2025-08-12 00:00:00+00:00,9.444135318174274,9.383823262358115,8.9014042476248
2025-08-13 00:00:00+00:00,9.73331328022391,9.69079912027384,9.19144122953519
2025-08-14 00:00:00+00:00,9.703584703235135,9.634741505485223,9.163829357030373
2025-08-15 00:00:00+00:00,9.345252871432574,9.313231939283817,8.788663044558675
2025-08-18 00:00:00+00:00,9.278860002107493,9.22648434433826,8.720337646993093
2025-08-19 00:00:00+00:00,8.588848846409668,8.57544551065914,8.03076924781909
2025-08-20 00:00:00+00:00,8.268427007924384,8.22866889828886,7.7152480136966295
2025-08-21 00:00:00+00:00,7.782584898873313,7.728519587900395,7.22391827415565
2025-08-22 00:00:00+00:00,9.35001866508156,9.309162923186642,8.78469126896746
2025-08-25 00:00:00+00:00,8.813187297526826,8.756312548402502,8.25441317489588
2025-08-26 00:00:00+00:00,9.201121443543347,9.14347651004579,8.639548719631263
2025-08-27 00:00:00+00:00,9.405502490661988,9.335692052038102,8.848794796855364
2025-08-28 00:00:00+00:00,9.69859261275392,9.668341765834976,9.143939964817971
2025-08-29 00:00:00+00:00,8.957814594370038,8.966060180226387,8.403333924280343
2025-09-02 00:00:00+00:00,8.181452830695113,8.11561348562786,7.615538663780774
2025-09-03 00:00:00+00:00,8.686707494337176,8.653506234127061,8.122284373740051
2025-09-04 00:00:00+00:00,9.549872253474279,9.508453312662656,8.97751726538214
2025-09-05 00:00:00+00:00,9.163279318188945,9.136625503582696,8.584146986791485
2025-09-08 00:00:00+00:00,9.335745529308204,9.341567026512344,8.755928841254423
2025-09-09 00:00:00+00:00,9.570080343076025,9.531935539931634,8.991799361432463
2025-09-10 00:00:00+00:00,9.837414098996433,9.786277792319842,9.260740225817642
2025-09-11 00:00:00+00:00,10.702126067806761,10.631026224505757,10.12617239687823
2025-09-12 00:00:00+00:00,10.588197241829466,10.529620332909651,10.014560726928767
2025-09-15 00:00:00+00:00,11.067354031440079,11.051865706468543,10.472741969441746
2025-09-16 00:00:00+00:00,10.864573793644361,10.83564037111293,10.273429673817347
2025-09-17 00:00:00+00:00,10.699020942531057,10.638376156338648,10.113264393732436
2025-09-18 00:00:00+00:00,11.165851740317168,11.091036844129132,10.582200596045489
2025-09-19 00:00:00+00:00,11.644134440317178,11.577070127849897,11.063922939636118
2025-09-22 00:00:00+00:00,12.078865098728397,12.038595363157988,11.493648226265885
2025-09-23 00:00:00+00:00,11.399545692640345,11.366440821029133,10.824164769155065
2025-09-24 00:00:00+00:00,11.025913450004744,10.955530210912778,10.4579848814071
2025-09-25 00:00:00+00:00,10.416158598395754,10.389281314442457,9.856286498409306
2025-09-26 00:00:00+00:00,11.01360333554644,10.964653882449603,10.453802888429674
2025-09-29 00:00:00+00:00,11.244816344124885,11.214725092353707,10.68893231324135
2025-09-30 00:00:00+00:00,11.644272292179036,11.567641169163444,11.081426746734424
2025-10-01 00:00:00+00:00,11.964988023467281,11.88382909208432,11.401091943278828
2025-10-02 00:00:00+00:00,11.967511508172258,11.945104158674047,11.40857125008974
2025-10-03 00:00:00+00:00,11.918562826016688,11.875838767224733,11.354472051642816
2025-10-06 00:00:00+00:00,12.266701312255224,12.209417966512849,11.69884369131038
2025-10-07 00:00:00+00:00,11.771949867717545,11.726119910709176,11.211928768552104
2025-10-08 00:00:00+00:00,12.335201054435597,12.304334196589938,11.778430415927144
2025-10-09 00:00:00+00:00,11.943054002619903,11.893018356676688,11.39040282917614
2025-10-10 00:00:00+00:00,8.8606880995453,8.808019633952547,8.314740817831767
2025-10-13 00:00:00+00:00,10.49053725289173,10.409955373380697,9.942456948823386
2025-10-14 00:00:00+00:00,10.258336592354421,10.214367225496446,9.715705729918955
2025-10-15 00:00:00+00:00,10.646751813316936,10.640089931817599,10.099837293434998
2025-10-16 00:00:00+00:00,9.885012192507148,9.821938075495694,9.347431545431807
2025-10-17 00:00:00+00:00,10.391566393579655,10.370766657042019,9.855177332318132
2025-10-20 00:00:00+00:00,11.486742504216307,11.435083494152432,10.949529563940485
2025-10-21 00:00:00+00:00,11.405332556054159,11.348648407500361,10.873998592572676
2025-10-22 00:00:00+00:00,10.737628843367775,10.695401177939035,10.21354012920417
2025-10-23 00:00:00+00:00,11.308760953444175,11.276582154283066,10.786261153501409
2025-10-24 00:00:00+00:00,12.106097352132572,12.098971014325976,11.580779335378931
2025-10-27 00:00:00+00:00,13.389351744294075,13.326876187756875,12.863395998622185
2025-10-28 00:00:00+00:00,13.544278838503022,13.523097565310538,13.02292789904338
2025-10-29 00:00:00+00:00,13.436109664820606,13.47352726761255,12.920362868652857
2025-10-30 00:00:00+00:00,12.217403390130134,12.130481032887452,11.71225585943656
2025-10-31 00:00:00+00:00,12.431587624306228,12.410740212775838,11.923128834722373
2025-11-03 00:00:00+00:00,12.541962287523356,12.531908958631831,12.031884682811334
2025-11-04 00:00:00+00:00,11.146114916881134,11.122201111824758,10.646892389483753
2025-11-05 00:00:00+00:00,11.478914208231416,11.43414174407158,10.983409535523458
2025-11-06 00:00:00+00:00,10.170890452303682,10.175891054321529,9.686040325492584
2025-11-07 00:00:00+00:00,10.260602408313325,10.224105984352505,9.769794503453145
2025-11-10 00:00:00+00:00,11.900180856405163,11.871717290256756,11.39392461952713
2025-11-11 00:00:00+00:00,12.050383453478307,12.046113268018344,11.549237677945134
2025-11-12 00:00:00+00:00,12.048135051498953,12.031172965472381,11.548288104873428
2025-11-13 00:00:00+00:00,10.127983002511588,10.104024594856487,9.639080787487519
2025-11-14 00:00:00+00:00,10.030712438903233,10.020970600717405,9.524994209914528
2025-11-17 00:00:00+00:00,8.971487115512545,8.934361557745918,8.4657617294289
2025-11-18 00:00:00+00:00,8.019368979751885,7.959950558099038,7.515800103525994
2025-11-19 00:00:00+00:00,8.369449895763115,8.318489881895452,7.8664444477027695
2025-11-20 00:00:00+00:00,6.6506112001763595,6.620799280402911,6.146120718011194
2025-11-21 00:00:00+00:00,7.655160318851273,7.631892081047842,7.143626363736955
2025-11-24 00:00:00+00:00,9.255638073013749,9.150847572949484,8.74092425695585
2025-11-25 00:00:00+00:00,10.184154612391637,10.109742693930833,9.664104265044248
2025-11-26 00:00:00+00:00,10.874148734475696,10.797925997899016,10.354973955412273
2025-11-28 00:00:00+00:00,11.393993655682188,11.325332564433488,10.874317967525693
2025-12-01 00:00:00+00:00,10.745865391631138,10.748667513934617,10.22186492648871
2025-12-02 00:00:00+00:00,10.95116720221112,10.884193063880222,10.428857027904748
2025-12-03 00:00:00+00:00,11.214832017818388,11.197862262850533,10.693463755488786
2025-12-04 00:00:00+00:00,11.272475873293185,11.209732602102985,10.749246759010834
2025-12-05 00:00:00+00:00,11.431277779212978,11.348052131431574,10.89630479682302
2025-12-08 00:00:00+00:00,10.972601918261148,10.933457022730963,10.436411969220227
2025-12-09 00:00:00+00:00,10.794005344238954,10.755924730591392,10.263394601875087
2025-12-10 00:00:00+00:00,11.455885945150367,11.401520316881552,10.924353366668594
2025-12-11 00:00:00+00:00,11.598058429360037,11.570547379729268,11.070478106456516
2025-12-12 00:00:00+00:00,10.323142346035286,10.28007783125604,9.800718632290085
2025-12-15 00:00:00+00:00,10.083433671894548,10.031840824582773,9.54947991673951
2025-12-16 00:00:00+00:00,9.735659146371267,9.642437830528582,9.204910543886747
2025-12-17 00:00:00+00:00,8.378136615294917,8.348871521553946,7.857299987070743
2025-12-18 00:00:00+00:00,9.151927893949118,9.080376927977095,8.631824081139715
2025-12-19 00:00:00+00:00,10.014648458574316,9.967180146295519,9.49353506449373
2025-12-22 00:00:00+00:00,10.625513921480522,10.549025670043811,10.100544786223331
2025-12-23 00:00:00+00:00,11.008668257093056,10.934405371927713,10.487013694283398
2025-12-24 00:00:00+00:00,11.240080106676675,11.19829637591787,10.722557140158685
2025-12-26 00:00:00+00:00,11.093215531218892,11.063651866557201,10.571354572878434
2025-12-29 00:00:00+00:00,10.581158851301819,10.540851475867562,10.063690019708904
2025-12-30 00:00:00+00:00,10.313345337640811,10.290013964071587,9.802263448861858
2025-12-31 00:00:00+00:00,9.402971451490538,9.366347651106889,8.892914911796602
2026-01-02 00:00:00+00:00,9.521863467362014,9.453892735508319,8.991412201718752
2026-01-05 00:00:00+00:00,10.105257328068372,10.070733983612978,9.577146816670702
2026-01-06 00:00:00+00:00,10.677532022676273,10.607723294705318,10.144082548574552
2026-01-07 00:00:00+00:00,10.18250922108528,10.13632495087846,9.65620631907671
2026-01-08 00:00:00+00:00,10.084910607319442,10.019372556259487,9.56444525923288
2026-01-09 00:00:00+00:00,10.692623098152175,10.637888471196554,10.170195168825224
2026-01-12 00:00:00+00:00,10.760233319223023,10.695640337666612,10.233732098252734
2026-01-13 00:00:00+00:00,10.431154739152948,10.358687439337144,9.909672739324304
2026-01-14 00:00:00+00:00,9.722522068173367,9.694542290293295,9.20751333975014
2026-01-15 00:00:00+00:00,9.887604672845463,9.873081901343795,9.374359537529674
2026-01-16 00:00:00+00:00,9.706481913914677,9.66306863697508,9.19172742351222
2026-01-20 00:00:00+00:00,7.346940076569708,7.330335390833165,6.8448216951779495
2026-01-21 00:00:00+00:00,8.461532449743903,8.437354671706432,7.957405653070371
2026-01-22 00:00:00+00:00,8.896293101775132,8.841827150882553,8.393306230777654
2026-01-23 00:00:00+00:00,8.778597479077366,8.718834461645141,8.271426299340368
2026-01-26 00:00:00+00:00,9.150025738906553,9.098371886530643,8.64611218062874
2026-01-27 00:00:00+00:00,9.460394687309615,9.402440809980206,8.960001428508413
2026-01-28 00:00:00+00:00,9.301470754211284,9.24075149290655,8.805848250398828
2026-01-29 00:00:00+00:00,9.020199888709278,8.883116146716752,8.529343706930392
2026-01-30 00:00:00+00:00,8.42388183773406,8.424406331508072,7.933618054201075
2026-02-02 00:00:00+00:00,8.874591622126093,8.824928014883193,8.382351502964225
2026-02-03 00:00:00+00:00,7.817950795060957,7.762769595549646,7.334597592881731
2026-02-04 00:00:00+00:00,7.133827211378385,7.103247111925515,6.657763287472607
2026-02-05 00:00:00+00:00,5.683231659788901,5.626978316568332,5.217380384118986
2026-02-06 00:00:00+00:00,7.627229567038296,7.5126911277454855,7.15335611551593
2026-02-09 00:00:00+00:00,8.00461622404811,7.894079814611654,7.523978393148156
2026-02-10 00:00:00+00:00,7.5280140653038785,7.484084940593472,7.048352683317138
2026-02-11 00:00:00+00:00,7.403485272566512,7.337503102151732,6.92634906294276
2026-02-12 00:00:00+00:00,5.619321761787255,5.568578223870135,5.146170890659851
2026-02-13 00:00:00+00:00,5.578972577315455,5.534840111195716,5.0955200015795565
2026-02-17 00:00:00+00:00,5.593362873208196,5.596334341010389,5.100970190165266
2026-02-18 00:00:00+00:00,6.075957871474191,6.019570637762395,5.58241803769306
2026-02-19 00:00:00+00:00,5.690707970472264,5.639901895174981,5.189613138743754
2026-02-20 00:00:00+00:00,6.319816307607162,6.2965962712272505,5.817476286382028
2026-02-23 00:00:00+00:00,5.11465895677603,5.107117534269379,4.619888450193854
2026-02-24 00:00:00+00:00,5.818320393387322,5.76434341379739,5.3189777423581
2026-02-25 00:00:00+00:00,6.572741437317586,6.547820269440918,6.071944849827915
2026-02-26 00:00:00+00:00,5.89542835614103,5.85037899291716,5.4022941875027986
2026-02-27 00:00:00+00:00,5.357588895702947,5.254783548459829,4.862152215980409
2026-03-02 00:00:00+00:00,5.323267735758641,5.230180420435704,4.8244208607810535
2026-03-03 00:00:00+00:00,4.254235707552079,4.224499008063365,3.761430510691244
2026-03-04 00:00:00+00:00,4.9832462605895245,4.879685312779181,4.490454560671053
2026-03-05 00:00:00+00:00,4.320049954958138,4.22134289499736,3.831541695226637
2026-03-06 00:00:00+00:00,2.8839772412227793,2.7903077987558422,2.392569033766745
2026-03-09 00:00:00+00:00,3.6760000712869667,3.619043360533958,3.175804742763555
2026-03-10 00:00:00+00:00,3.3875241758456687,3.374063903468394,2.8823450105682102
2026-03-11 00:00:00+00:00,3.2265085923864234,3.166927542052833,2.723408566791985
2026-03-12 00:00:00+00:00,1.5871301842379948,1.5291408075124524,1.0925170816521446
2026-03-13 00:00:00+00:00,0.9259145205251729,0.8958440939641488,0.42592359337976227
2026-03-16 00:00:00+00:00,1.8912618967842132,1.8556337827135394,1.3810903157708054
2026-03-17 00:00:00+00:00,2.082155217960313,2.0568880462995542,1.572176042193285
2026-03-18 00:00:00+00:00,0.6344481753911779,0.5738124568404501,0.13603562452559892
2026-03-19 00:00:00+00:00,0.3081102596564689,0.2709182264221788,-0.18980060258290132
2026-03-20 00:00:00+00:00,-1.2524456534025008,-1.2111303319637612,-1.7405382014180182
2026-03-23 00:00:00+00:00,-0.16617566587271426,-0.22415260748467336,-0.6609231555558925
2026-03-24 00:00:00+00:00,-0.5898617444263343,-0.6096626148193396,-1.0787774919390425
2026-03-25 00:00:00+00:00,-0.09652996393035851,-0.1047831240237107,-0.5870742988097533
2026-03-26 00:00:00+00:00,-1.8744826650822666,-1.9277212319442794,-2.352173989849493
2026-03-27 00:00:00+00:00,-3.540899462400837,-3.627762406576407,-4.008906272132007
2026-03-30 00:00:00+00:00,-3.9483839520781827,-3.9772888570928977,-4.410821099462181
2026-03-31 00:00:00+00:00,-1.1819621996129626,-1.2262034237406572,-1.6620037629909379
2026-04-01 00:00:00+00:00,-0.5192464143342956,-0.5310994074659514,-1.0016789939922055
2026-04-02 00:00:00+00:00,-0.4461443275828425,-0.4868353758303079,-0.9317012147446735
2026-04-06 00:00:00+00:00,-0.049817578258770645,-0.06814251219784406,-0.5402316077840252
2026-04-07 00:00:00+00:00,-0.025433699733867776,-0.0761071006655678,-0.5123061844910071
2026-04-08 00:00:00+00:00,2.4146309328721083,2.4016003445091583,1.9205417985607154
2026-04-09 00:00:00+00:00,2.98638495685144,2.926251756411835,2.487832673233492
2026-04-10 00:00:00+00:00,2.8187162982092895,2.7976148836277748,2.3154722677824813
2026-04-13 00:00:00+00:00,3.7979635617884977,3.7362090883353627,3.2948000683657774
2026-04-14 00:00:00+00:00,4.9536815810056645,4.930624709555964,4.4471749289841656
2026-04-15 00:00:00+00:00,5.726646828964044,5.686610474852727,5.213199755942433
2026-04-16 00:00:00+00:00,5.932030429676027,5.875170236043137,5.42175832189431
2026-04-17 00:00:00+00:00,7.128287507832787,7.075829768131636,6.6170144322033275
2026-04-20 00:00:00+00:00,6.801074814707775,6.786448952925794,6.2937550047779345
2026-04-21 00:00:00+00:00,6.056161654319192,6.020230438842389,5.557059316368873
2026-04-22 00:00:00+00:00,7.089545231016103,7.016716340496365,6.588890515428347
2026-04-23 00:00:00+00:00,6.573149738739281,6.526615681460157,6.078446418035144
2026-04-24 00:00:00+00:00,7.350004716522651,7.275398109851983,6.852382938513402
2026-04-27 00:00:00+00:00,7.406332850000008,7.38388179934677,6.912840179626323
2026-04-28 00:00:00+00:00,6.806267049279691,6.7865457802162465,6.319948179829593
2026-04-29 00:00:00+00:00,6.690003227024444,6.696379401807806,6.208906512590318
2026-04-30 00:00:00+00:00,7.704064911436537,7.675827614022568,7.219280853215437
2026-05-01 00:00:00+00:00,7.939231621569864,7.891809711481845,7.456028100194834
2026-05-04 00:00:00+00:00,7.4299985962555715,7.419967017823437,6.94772504580885
2026-05-05 00:00:00+00:00,8.222832434989847,8.199583778282804,7.739139620476632
2026-05-06 00:00:00+00:00,9.710278619560198,9.613085797115485,9.224995220599164
2026-05-07 00:00:00+00:00,9.205427411633593,9.188920698821068,8.726764807398602
2026-05-08 00:00:00+00:00,10.051929787204239,10.001125595973948,9.55843969886725
2026-05-11 00:00:00+00:00,10.177190527503122,10.161129404201773,9.67918328692221
2026-05-12 00:00:00+00:00,9.916718560096527,9.907084853817395,9.42146406001152
2026-05-13 00:00:00+00:00,10.472492876766616,10.430969554176063,9.975769741261775
2026-05-14 00:00:00+00:00,11.222456958575133,11.204923465329287,10.72524852914649
2026-05-15 00:00:00+00:00,9.778035169814391,9.777419749754191,9.271991501895084
2026-05-18 00:00:00+00:00,9.612542689034576,9.609131083140987,9.106018152841354
2026-05-19 00:00:00+00:00,8.79295844856336,8.784412538807818,8.288350963564262
2026-05-20 00:00:00+00:00,9.875026163851741,9.805420708482604,9.368177857955384
2026-05-21 00:00:00+00:00,9.97872252725478,9.92544652618017,9.463448209680436
2026-05-22 00:00:00+00:00,10.298029270486886,10.261193081326336,9.780356308383231
2026-05-26 00:00:00+00:00,10.877089346193426,10.891786462465491,10.355352830255615
2026-05-27 00:00:00+00:00,10.798972687315956,10.7754976351498,10.282025381785754
2026-05-28 00:00:00+00:00,11.334524568764536,11.284727328665767,10.819848058444226
2026-05-29 00:00:00+00:00,11.484737441290171,11.464013449252274,10.968366276649988
2026-06-01 00:00:00+00:00,11.687601821268334,11.669582668281887,11.167465867498505
2026-06-02 00:00:00+00:00,11.73648539030756,11.72249895489712,11.218273886844932
